event_date,stock_code,product_name,daily_quantity,daily_revenue,avg_price
2024-03-19,853,Vase,5,1548.1999999999998,309.64
2024-03-19,871,Smartphone,5,424.45,84.89
2024-03-20,188,Tent,5,142.5,28.5
2024-03-20,497,Smartwatch,3,1445.85,481.95
2024-03-20,646,Pants,1,135.56,135.56
2024-03-20,759,Story Book,3,1114.29,371.43
2024-03-20,761,Pen,2,219.94,109.97
2024-03-20,829,T-shirt,3,298.14,99.38
2024-03-21,118,Vase,4,1780.44,445.11
2024-03-21,842,Dress,1,284.33,284.33
2024-03-22,707,Laptop,2,515.62,257.81
2024-03-22,828,Tent,5,1978.8999999999999,395.78
2024-03-23,141,Smartphone,2,400.34,200.17
2024-03-23,744,Basketball,3,730.11,243.37
2024-03-23,880,Smartphone,1,162.38,162.38
2024-03-24,768,Pillow,3,894.81,298.27
2024-03-24,882,Pillow,1,293.0,293.0
2024-03-25,112,Notebook,2,597.26,298.63
2024-03-26,493,Blanket,3,88.56,29.52
2024-03-26,732,Basketball,2,376.94,188.47
2024-03-26,870,Soccer Ball,1,138.85,138.85
2024-03-26,888,Laptop,4,104.8,26.2
2024-03-26,915,Pen,1,341.89,341.89
2024-03-27,265,Painting,2,435.34,217.67
2024-03-27,569,Vase,4,679.32,169.83
2024-03-27,598,Painting,4,1896.16,474.04
2024-03-27,881,Yoga Mat,5,1096.3,219.26
2024-03-28,301,Notebook,5,1765.95,353.19
2024-03-28,435,T-shirt,2,148.92,74.46
2024-03-28,502,Soccer Ball,1,306.5,306.5
2024-03-28,663,Yoga Mat,4,1147.28,286.82
2024-03-28,856,Skirt,4,1910.72,477.68
2024-03-28,961,Story Book,4,1641.12,410.28
2024-03-29,350,Notebook,2,274.24,137.12
2024-03-29,369,Smartphone,4,1947.36,486.84
2024-03-29,861,Pen,4,405.16,101.29
2024-03-30,403,Carpet,4,989.0,247.25
2024-03-30,899,Pillow,5,1152.45,230.49
2024-03-31,353,Pants,2,545.56,272.78
2024-03-31,649,Blanket,2,262.44,131.22
2024-04-01,490,Tent,5,1859.1999999999998,371.84
2024-04-01,575,Dress,4,1603.76,400.94
2024-04-01,732,Shirt,1,380.08,380.08
2024-04-02,753,Basketball,4,1054.76,263.69
2024-04-03,307,Dress,5,195.9,39.18
2024-04-03,416,Soccer Ball,2,674.5,337.25
2024-04-04,129,Pants,2,545.66,272.83
2024-04-04,133,Carpet,4,59.88,14.97
2024-04-04,568,Soccer Ball,2,989.62,494.81
2024-04-05,660,Smartwatch,3,1086.6,362.2
2024-04-05,955,Skirt,1,457.29,457.29
2024-04-06,363,Dress,5,1395.6,279.12
2024-04-07,117,Running Shoes,2,666.1,333.05
2024-04-07,158,Pillow,5,891.0,178.2
2024-04-07,825,T-shirt,5,628.2,125.64
2024-04-07,877,Vase,4,387.76,96.94
2024-04-07,893,Carpet,1,40.2,40.2
2024-04-08,157,Basketball,1,200.44,200.44
2024-04-08,436,Smartwatch,1,478.75,478.75
2024-04-08,775,Running Shoes,5,414.90000000000003,82.98
2024-04-08,937,Novel,4,1070.88,267.72
2024-04-09,461,Blanket,1,38.38,38.38
2024-04-09,951,Pen,1,220.22,220.22
2024-04-09,990,Soccer Ball,4,461.44,115.36
2024-04-10,217,Dress,4,172.92,43.23
2024-04-10,334,Soccer Ball,3,1422.96,474.32
2024-04-11,159,Eraser,2,763.0,381.5
2024-04-11,161,Shirt,3,419.84999999999997,139.95
2024-04-11,343,Smartwatch,5,1201.85,240.37
2024-04-11,592,Basketball,1,340.27,340.27
2024-04-11,722,Laptop,4,77.12,19.28
2024-04-12,545,Blanket,4,765.56,191.39
2024-04-13,183,T-shirt,2,170.62,85.31
2024-04-14,374,Yoga Mat,2,203.4,101.7
2024-04-14,388,Pen,4,943.24,235.81
2024-04-14,484,Vase,3,1180.53,393.51
2024-04-15,175,Shirt,2,335.18,167.59
2024-04-15,854,Smartphone,5,1861.9499999999998,372.39
2024-04-16,952,Novel,5,776.25,155.25
2024-04-17,150,Eraser,3,633.87,211.29
2024-04-17,280,Skirt,3,900.54,300.18
2024-04-17,783,Yoga Mat,5,258.7,51.74
2024-04-17,843,Pillow,5,857.75,171.55
2024-04-18,128,Yoga Mat,4,398.24,99.56
2024-04-19,157,Tent,1,60.16,60.16
2024-04-19,486,Blanket,4,603.08,150.77
2024-04-19,735,Pen,1,267.65,267.65
2024-04-19,766,Laptop,3,578.76,192.92
2024-04-19,788,Vase,1,22.21,22.21
2024-04-19,953,Painting,4,816.24,204.06
2024-04-20,988,Laptop,1,465.66,465.66
2024-04-21,389,Eraser,3,1156.1100000000001,385.37
2024-04-21,684,Story Book,1,107.79,107.79
2024-04-21,732,Running Shoes,2,651.78,325.89
2024-04-21,884,Pillow,1,394.06,394.06
2024-04-21,898,Running Shoes,2,63.02,31.51
2024-04-21,928,T-shirt,2,627.34,313.67
2024-04-22,649,Eraser,3,1067.34,355.78
2024-04-22,748,Basketball,1,473.99,473.99
2024-04-22,839,Shirt,2,530.68,265.34
2024-04-23,209,Pen,3,38.67,12.89
2024-04-23,364,Eraser,1,195.85,195.85
2024-04-23,763,Smartphone,1,317.08,317.08
2024-04-23,819,Laptop,4,770.04,192.51
2024-04-25,482,Smartwatch,1,297.2,297.2
2024-04-25,573,Running Shoes,5,429.25,85.85
2024-04-26,454,Soccer Ball,3,1004.1299999999999,334.71
2024-04-26,537,Novel,4,1503.92,375.98
2024-04-26,685,Notebook,1,410.45,410.45
2024-04-26,847,Pants,3,122.76,40.92
2024-04-26,973,Pillow,1,324.51,324.51
2024-04-26,995,Notebook,5,579.55,115.91
2024-04-27,619,Pen,3,1102.53,367.51
2024-04-27,848,Pants,3,1307.16,435.72
2024-04-28,736,Notebook,5,2111.95,422.39
2024-04-30,580,Pen,2,757.78,378.89
2024-04-30,674,Eraser,3,936.51,312.17
2024-04-30,762,Pillow,3,331.65,110.55
2024-04-30,799,Basketball,1,463.62,463.62
2024-05-01,162,Shirt,3,594.0600000000001,198.02
2024-05-01,192,Pen,3,138.72,46.24
2024-05-02,186,Yoga Mat,4,148.68,37.17
2024-05-02,440,Tent,4,486.0,121.5
2024-05-02,918,Running Shoes,5,1188.95,237.79
2024-05-03,398,Carpet,5,83.5,16.7
2024-05-03,500,T-shirt,1,149.72,149.72
2024-05-03,643,Smartphone,5,1319.35,263.87
2024-05-03,841,Yoga Mat,2,514.02,257.01
2024-05-04,459,Laptop,3,1194.93,398.31
2024-05-04,622,Novel,3,225.06,75.02
2024-05-04,669,Basketball,1,482.29,482.29
2024-05-04,782,Soccer Ball,2,571.96,285.98
2024-05-04,965,Notebook,3,1485.72,495.24
2024-05-06,234,Yoga Mat,1,52.5,52.5
2024-05-07,128,Pants,1,255.32,255.32
2024-05-08,317,Laptop,3,639.48,213.16
2024-05-08,985,Carpet,2,940.16,470.08
2024-05-09,267,Laptop,2,663.72,331.86
2024-05-09,560,Tent,1,294.45,294.45
2024-05-09,817,Carpet,2,575.7,287.85
2024-05-09,869,Basketball,5,2099.9,419.98
2024-05-10,202,Skirt,4,706.88,176.72
2024-05-10,651,Pants,5,429.6,85.92
2024-05-10,700,Carpet,1,385.88,385.88
2024-05-11,284,Shirt,1,80.65,80.65
2024-05-11,657,Notebook,4,1798.2,449.55
2024-05-12,186,Tablet,1,81.21,81.21
2024-05-12,329,Notebook,3,681.21,227.07
2024-05-12,529,Notebook,5,764.05,152.81
2024-05-13,354,Pants,4,86.4,21.6
2024-05-13,576,Blanket,3,592.59,197.53
2024-05-13,824,T-shirt,2,454.26,227.13
2024-05-13,836,Notebook,2,467.7,233.85
2024-05-14,190,Painting,4,275.16,68.79
2024-05-14,315,Notebook,2,361.34,180.67
2024-05-14,490,Soccer Ball,2,358.26,179.13
2024-05-14,620,Tablet,2,911.2,455.6
2024-05-14,707,Yoga Mat,2,151.2,75.6
2024-05-15,126,T-shirt,5,1619.5,323.9
2024-05-15,464,Skirt,5,1274.0,254.8
2024-05-15,614,Eraser,4,294.36,73.59
2024-05-16,472,Yoga Mat,4,855.04,213.76
2024-05-17,110,Pants,3,1250.6399999999999,416.88
2024-05-17,171,Novel,1,138.55,138.55
2024-05-17,401,Smartwatch,5,1701.6,340.32
2024-05-17,606,Notebook,4,1347.0,336.75
2024-05-17,889,Tent,1,75.71,75.71
2024-05-18,175,Tent,4,1435.8,358.95
2024-05-18,606,Blanket,5,715.6999999999999,143.14
2024-05-20,285,Skirt,4,1057.16,264.29
2024-05-20,893,Shirt,1,316.41,316.41
2024-05-21,526,Pillow,5,611.15,122.23
2024-05-21,604,Skirt,4,1953.96,488.49
2024-05-21,712,Notebook,2,36.56,18.28
2024-05-21,721,Novel,5,964.0,192.8
2024-05-22,107,Notebook,1,117.47,117.47
2024-05-22,676,Painting,5,1777.0,355.4
2024-05-22,787,Eraser,2,72.74,36.37
2024-05-23,952,Pen,2,407.22,203.61
2024-05-24,892,Headphones,1,474.75,474.75
2024-05-25,119,Yoga Mat,1,470.23,470.23
2024-05-25,137,Blanket,3,660.96,220.32
2024-05-25,182,Pants,5,580.15,116.03
2024-05-25,216,Story Book,4,562.92,140.73
2024-05-25,360,Eraser,3,716.22,238.74
2024-05-25,887,Soccer Ball,3,1263.42,421.14
2024-05-25,960,Tablet,4,1425.0,356.25
2024-05-26,281,Headphones,5,600.1,120.02
2024-05-26,343,Pants,2,424.5,212.25
2024-05-26,677,Tent,1,409.85,409.85
2024-05-26,739,Blanket,2,137.06,68.53
2024-05-27,530,Soccer Ball,5,1143.8,228.76
2024-05-27,629,Dress,2,689.72,344.86
2024-05-27,822,Running Shoes,3,428.52,142.84
2024-05-27,843,Tablet,3,171.96,57.32
2024-05-27,973,Headphones,3,249.51,83.17
2024-05-28,140,Vase,2,278.86,139.43
2024-05-28,375,Smartphone,2,91.78,45.89
2024-05-28,471,Blanket,2,987.9,493.95
2024-05-29,556,Tent,3,1136.01,378.67
2024-05-29,645,Dress,2,344.44,172.22
2024-05-29,688,Eraser,2,89.6,44.8
2024-05-30,410,Basketball,5,189.35,37.87
2024-05-30,627,Notebook,5,1810.5500000000002,362.11
2024-05-30,660,Dress,4,266.24,66.56
2024-05-30,797,Headphones,3,716.3100000000001,238.77
2024-05-30,826,Eraser,1,67.7,67.7
2024-05-30,967,Pants,5,1906.55,381.31
2024-05-31,236,Running Shoes,5,1830.8500000000001,366.17
2024-05-31,417,T-shirt,1,181.56,181.56
2024-05-31,722,Eraser,2,430.26,215.13
2024-06-01,200,Basketball,2,137.88,68.94
2024-06-01,535,Tent,2,482.66,241.33
2024-06-01,664,Pillow,5,1542.1000000000001,308.42
2024-06-01,682,Soccer Ball,5,1496.6999999999998,299.34
2024-06-02,184,Headphones,5,1678.0500000000002,335.61
2024-06-02,224,Carpet,1,260.52,260.52
2024-06-02,471,Smartwatch,2,822.66,411.33
2024-06-04,491,Eraser,3,1128.84,376.28
2024-06-05,737,Skirt,2,92.24,46.12
2024-06-05,793,Blanket,1,158.11,158.11
2024-06-05,865,Pants,1,323.83,323.83
2024-06-06,273,Yoga Mat,5,911.9499999999999,182.39
2024-06-06,466,Tent,4,1589.84,397.46
2024-06-06,521,Running Shoes,5,2031.3,406.26
2024-06-06,535,Smartphone,2,381.36,190.68
2024-06-07,555,Novel,3,1040.46,346.82
2024-06-07,602,T-shirt,4,1335.68,333.92
2024-06-07,706,Tablet,5,1363.75,272.75
2024-06-09,151,Skirt,5,157.05,31.41
2024-06-09,302,Headphones,4,442.68,110.67
2024-06-09,355,Vase,2,299.54,149.77
2024-06-09,716,Laptop,3,247.95000000000002,82.65
2024-06-10,395,Novel,3,979.11,326.37
2024-06-10,542,Smartwatch,5,1876.35,375.27
2024-06-10,693,Running Shoes,1,386.91,386.91
2024-06-11,205,Pants,4,842.2,210.55
2024-06-11,524,Running Shoes,1,394.31,394.31
2024-06-11,680,Basketball,4,948.6,237.15
2024-06-11,755,Basketball,1,323.43,323.43
2024-06-12,234,Pen,2,352.26,176.13
2024-06-12,302,Running Shoes,4,681.72,170.43
2024-06-12,311,Vase,5,1532.2,306.44
2024-06-13,292,T-shirt,3,1495.32,498.44
2024-06-13,396,Headphones,3,70.35,23.45
2024-06-13,815,Tablet,3,932.0999999999999,310.7
2024-06-14,899,Novel,5,2080.6,416.12
2024-06-14,979,Vase,1,146.35,146.35
2024-06-15,675,Yoga Mat,3,1005.1800000000001,335.06
2024-06-16,564,Smartphone,4,1142.88,285.72
2024-06-16,691,Soccer Ball,2,511.8,255.9
2024-06-16,775,Laptop,4,1904.52,476.13
2024-06-16,957,Painting,3,1128.57,376.19
2024-06-17,111,Yoga Mat,2,833.86,416.93
2024-06-17,898,Skirt,2,559.62,279.81
2024-06-18,146,Pen,1,405.91,405.91
2024-06-19,633,Headphones,4,1091.68,272.92
2024-06-20,383,Blanket,3,121.32,40.44
2024-06-20,428,Pen,1,487.74,487.74
2024-06-20,633,Shirt,1,118.31,118.31
2024-06-21,799,Yoga Mat,3,1044.72,348.24
2024-06-22,260,Soccer Ball,3,476.70000000000005,158.9
2024-06-22,781,Pants,2,921.5,460.75
2024-06-24,506,Smartphone,5,1826.6499999999999,365.33
2024-06-24,614,Blanket,1,404.83,404.83
2024-06-24,672,Tablet,3,887.01,295.67
2024-06-24,816,Soccer Ball,3,979.6500000000001,326.55
2024-06-25,543,Headphones,2,425.54,212.77
2024-06-25,582,Smartphone,2,579.94,289.97
2024-06-25,797,Carpet,4,658.2,164.55
2024-06-26,144,Dress,5,1456.5,291.3
2024-06-26,491,Running Shoes,5,670.6,134.12
2024-06-26,575,Eraser,2,55.18,27.59
2024-06-26,715,Running Shoes,3,1215.06,405.02
2024-06-27,306,Pillow,2,111.26,55.63
2024-06-27,624,Painting,1,218.74,218.74
2024-06-27,773,Notebook,3,1484.6100000000001,494.87
2024-06-28,955,Smartwatch,4,822.4,205.6
2024-06-29,142,Headphones,2,983.94,491.97
2024-06-29,433,Headphones,4,195.76,48.94
2024-06-29,624,Dress,4,480.28,120.07
2024-06-29,634,Eraser,4,1146.2,286.55
2024-06-29,663,Notebook,3,300.45000000000005,100.15
2024-06-29,673,Basketball,2,587.34,293.67
2024-06-29,845,Basketball,3,891.99,297.33
2024-06-30,322,Basketball,1,24.0,24.0
2024-07-01,289,Smartphone,5,1036.4,207.28
2024-07-01,297,Headphones,2,779.62,389.81
2024-07-01,318,Pen,4,197.28,49.32
2024-07-01,468,Story Book,1,372.43,372.43
2024-07-01,563,Skirt,2,967.92,483.96
2024-07-01,650,Smartwatch,1,35.52,35.52
2024-07-02,370,Tent,3,154.59,51.53
2024-07-02,631,Yoga Mat,2,805.12,402.56
2024-07-02,958,Laptop,3,459.36,153.12
2024-07-03,172,Carpet,1,415.86,415.86
2024-07-03,325,Running Shoes,5,1547.7,309.54
2024-07-03,489,Running Shoes,1,236.22,236.22
2024-07-03,543,Pen,1,282.92,282.92
2024-07-03,560,Tablet,4,1693.8,423.45
2024-07-03,600,Pants,3,451.26,150.42
2024-07-04,111,Running Shoes,3,491.22,163.74
2024-07-04,121,Story Book,5,2063.5,412.7
2024-07-04,755,T-shirt,5,745.3,149.06
2024-07-04,865,Dress,2,125.94,62.97
2024-07-05,681,Notebook,1,232.24,232.24
2024-07-05,959,Smartphone,5,550.85,110.17
2024-07-06,349,Story Book,3,1265.5500000000002,421.85
2024-07-06,669,Smartphone,5,62.300000000000004,12.46
2024-07-06,941,Headphones,1,213.83,213.83
2024-07-08,818,Smartphone,5,1002.2,200.44
2024-07-09,386,Notebook,1,305.82,305.82
2024-07-09,993,Soccer Ball,2,64.4,32.2
2024-07-10,499,Carpet,3,682.17,227.39
2024-07-11,190,Tent,1,92.5,92.5
2024-07-11,233,Eraser,2,709.7,354.85
2024-07-11,555,Tent,4,1247.44,311.86
2024-07-11,569,Pen,1,390.35,390.35
2024-07-11,909,Smartphone,1,89.38,89.38
2024-07-12,479,Story Book,3,1359.6,453.2
2024-07-12,738,Eraser,2,119.02,59.51
2024-07-12,801,Story Book,4,1897.0,474.25
2024-07-12,855,Yoga Mat,2,682.36,341.18
2024-07-13,394,Running Shoes,2,687.52,343.76
2024-07-14,397,Painting,3,754.89,251.63
2024-07-14,665,Painting,3,449.54999999999995,149.85
2024-07-14,713,Skirt,4,352.08,88.02
2024-07-14,910,Pants,3,77.37,25.79
2024-07-14,922,T-shirt,1,183.3,183.3
2024-07-15,175,Shirt,3,304.35,101.45
2024-07-15,196,Carpet,5,1087.75,217.55
2024-07-15,405,Yoga Mat,2,585.8,292.9
2024-07-15,430,Eraser,1,405.65,405.65
2024-07-15,722,Pen,1,247.97,247.97
2024-07-16,568,Smartwatch,1,393.9,393.9
2024-07-17,124,Tablet,4,144.4,36.1
2024-07-17,149,T-shirt,5,899.5999999999999,179.92
2024-07-17,187,T-shirt,3,746.73,248.91
2024-07-17,557,Shirt,1,146.28,146.28
2024-07-17,719,Yoga Mat,3,119.01,39.67
2024-07-18,485,Novel,1,489.21,489.21
2024-07-18,624,Laptop,5,1288.65,257.73
2024-07-19,170,Skirt,1,394.75,394.75
2024-07-20,200,Painting,2,845.98,422.99
2024-07-20,509,Dress,3,166.74,55.58
2024-07-21,890,Running Shoes,5,412.04999999999995,82.41
2024-07-22,765,Smartphone,1,447.13,447.13
2024-07-23,263,Basketball,5,1361.1000000000001,272.22
2024-07-23,883,Yoga Mat,1,423.98,423.98
2024-07-23,964,Pillow,2,65.02,32.51
2024-07-23,981,Painting,2,732.84,366.42
2024-07-24,512,Headphones,3,938.61,312.87
2024-07-24,596,Pillow,3,597.9300000000001,199.31
2024-07-24,756,Smartphone,4,1355.52,338.88
2024-07-25,209,Shirt,1,96.75,96.75
2024-07-25,294,Pillow,4,46.96,11.74
2024-07-25,295,T-shirt,5,577.9,115.58
2024-07-25,563,Pen,3,1413.96,471.32
2024-07-25,749,Laptop,3,1385.73,461.91
2024-07-25,846,Soccer Ball,4,536.48,134.12
2024-07-26,677,Smartphone,4,1675.52,418.88
2024-07-26,867,Carpet,2,616.8,308.4
2024-07-27,333,Novel,1,124.08,124.08
2024-07-27,762,Soccer Ball,1,388.35,388.35
2024-07-28,149,Skirt,1,54.19,54.19
2024-07-28,628,Story Book,3,1263.3899999999999,421.13
2024-07-28,653,Headphones,2,919.54,459.77
2024-07-28,794,Vase,5,500.5,100.1
2024-07-28,834,Notebook,5,686.4499999999999,137.29
2024-07-28,944,T-shirt,5,812.25,162.45
2024-07-29,231,Skirt,2,552.22,276.11
2024-07-29,554,Eraser,1,299.39,299.39
2024-07-30,190,Soccer Ball,4,1418.76,354.69
2024-07-30,988,Notebook,4,1725.92,431.48
2024-07-31,204,Dress,3,1426.59,475.53
2024-07-31,793,Yoga Mat,2,483.8,241.9
2024-08-01,171,Pants,2,557.82,278.91
2024-08-01,395,T-shirt,5,805.25,161.05
2024-08-02,210,Novel,4,1339.04,334.76
2024-08-02,311,Notebook,1,496.5,496.5
2024-08-02,792,Smartphone,5,1105.75,221.15
2024-08-02,950,Tablet,4,668.44,167.11
2024-08-02,971,Tablet,3,274.56,91.52
2024-08-03,463,Vase,4,1978.64,494.66
2024-08-03,880,Smartphone,1,152.2,152.2
2024-08-04,173,Tent,2,616.86,308.43
2024-08-04,175,Carpet,2,72.72,36.36
2024-08-04,471,Eraser,3,448.83000000000004,149.61
2024-08-04,839,Tablet,1,311.67,311.67
2024-08-05,314,Dress,5,1689.0,337.8
2024-08-07,482,Tablet,3,1034.31,344.77
2024-08-08,876,Blanket,2,194.16,97.08
2024-08-09,182,Tent,5,1330.8000000000002,266.16
2024-08-09,225,Skirt,3,1446.84,482.28
2024-08-09,314,Pen,5,1730.95,346.19
2024-08-10,291,Shirt,5,493.8,98.76
2024-08-10,974,Headphones,4,1168.48,292.12
2024-08-11,233,Tablet,1,474.06,474.06
2024-08-11,632,Pants,1,332.78,332.78
2024-08-12,114,T-shirt,5,339.6,67.92
2024-08-12,298,Blanket,2,774.1,387.05
2024-08-12,299,Shirt,2,337.3,168.65
2024-08-12,368,Vase,3,274.74,91.58
2024-08-12,468,Notebook,3,1225.3799999999999,408.46
2024-08-12,481,Pillow,4,1419.32,354.83
2024-08-12,520,Laptop,4,1851.28,462.82
2024-08-12,738,Pen,5,1141.1499999999999,228.23
2024-08-12,791,Dress,4,866.76,216.69
2024-08-12,809,Vase,3,559.08,186.36
2024-08-13,499,Soccer Ball,4,1939.24,484.81
2024-08-14,141,Eraser,5,2046.75,409.35
2024-08-14,157,Vase,5,1526.3999999999999,305.28
2024-08-14,332,Tablet,5,2125.5,425.1
2024-08-14,858,Novel,2,328.22,164.11
2024-08-15,177,Story Book,4,915.24,228.81
2024-08-15,348,Notebook,5,1379.4,275.88
2024-08-15,363,Novel,3,878.22,292.74
2024-08-15,525,Running Shoes,1,100.18,100.18
2024-08-15,558,Headphones,1,51.1,51.1
2024-08-15,714,Skirt,2,659.84,329.92
2024-08-16,861,Soccer Ball,1,376.51,376.51
2024-08-17,114,Blanket,4,1517.04,379.26
2024-08-17,186,Pants,4,1460.16,365.04
2024-08-17,260,Pants,1,408.63,408.63
2024-08-17,427,Pillow,2,703.68,351.84
2024-08-17,610,Carpet,5,1064.25,212.85
2024-08-17,798,Soccer Ball,5,1508.3000000000002,301.66
2024-08-17,828,Pants,1,132.34,132.34
2024-08-17,862,Vase,4,231.36,57.84
2024-08-17,909,Soccer Ball,2,828.74,414.37
2024-08-18,297,Painting,1,52.33,52.33
2024-08-18,508,Headphones,1,194.81,194.81
2024-08-18,531,Soccer Ball,3,1432.5,477.5
2024-08-18,665,Skirt,5,2351.0,470.2
2024-08-19,206,Tent,5,114.3,22.86
2024-08-19,508,Shirt,4,1994.64,498.66
2024-08-20,151,Painting,1,357.67,357.67
2024-08-21,643,Yoga Mat,5,1172.2,234.44
2024-08-22,557,Pillow,3,348.39,116.13
2024-08-23,568,Painting,1,268.26,268.26
2024-08-23,645,Eraser,2,459.14,229.57
2024-08-23,978,Laptop,1,127.53,127.53
2024-08-24,144,Vase,1,261.6,261.6
2024-08-24,180,Blanket,1,375.92,375.92
2024-08-24,532,Smartwatch,5,1330.2,266.04
2024-08-24,538,Pillow,4,790.04,197.51
2024-08-24,977,Story Book,3,1106.73,368.91
2024-08-25,329,Eraser,3,1044.93,348.31
2024-08-25,575,Painting,5,778.65,155.73
2024-08-25,606,Running Shoes,1,134.35,134.35
2024-08-25,776,Tablet,5,1553.8999999999999,310.78
2024-08-26,115,Tent,5,2379.45,475.89
2024-08-27,643,Smartphone,5,1042.95,208.59
2024-08-27,721,Yoga Mat,4,1400.2,350.05
2024-08-28,183,Yoga Mat,3,316.29,105.43
2024-08-28,218,Eraser,2,709.6,354.8
2024-08-28,444,Tablet,5,108.6,21.72
2024-08-29,101,Headphones,4,197.24,49.31
2024-08-29,339,Skirt,5,2211.5,442.3
2024-08-30,141,Laptop,4,904.92,226.23
2024-08-30,276,Smartwatch,3,566.34,188.78
2024-08-30,349,Story Book,3,1369.8899999999999,456.63
2024-08-30,639,Notebook,1,399.18,399.18
2024-08-30,675,Painting,5,877.5,175.5
2024-08-31,705,Smartwatch,2,786.98,393.49
2024-08-31,729,Yoga Mat,4,1857.12,464.28
2024-09-01,653,Tablet,1,183.61,183.61
2024-09-01,701,Skirt,4,1081.28,270.32
2024-09-02,536,Laptop,5,436.34999999999997,87.27
2024-09-04,426,Running Shoes,3,696.99,232.33
2024-09-04,545,Running Shoes,2,215.68,107.84
2024-09-05,125,Shirt,2,804.84,402.42
2024-09-05,292,Notebook,1,458.02,458.02
2024-09-05,360,Tent,2,111.56,55.78
2024-09-05,588,Laptop,4,1056.6,264.15
2024-09-07,220,Headphones,5,1262.5,252.5
2024-09-07,574,Dress,4,864.12,216.03
2024-09-07,814,Painting,2,167.94,83.97
2024-09-07,897,Notebook,4,57.88,14.47
2024-09-08,399,Yoga Mat,3,751.11,250.37
2024-09-08,460,Tent,2,300.74,150.37
2024-09-08,608,Yoga Mat,1,439.96,439.96
2024-09-08,842,Shirt,1,273.56,273.56
2024-09-08,864,Smartwatch,5,2331.9,466.38
2024-09-09,221,Headphones,1,306.53,306.53
2024-09-09,576,Laptop,1,366.61,366.61
2024-09-09,693,Blanket,1,286.34,286.34
2024-09-10,294,Pants,1,107.09,107.09
2024-09-10,318,Vase,1,70.93,70.93
2024-09-10,749,Notebook,3,1004.01,334.67
2024-09-11,951,Soccer Ball,4,1337.48,334.37
2024-09-12,320,Dress,3,319.98,106.66
2024-09-12,506,T-shirt,3,217.98,72.66
2024-09-12,510,Story Book,5,2138.65,427.73
2024-09-12,727,Running Shoes,3,1495.0500000000002,498.35
2024-09-12,887,Yoga Mat,5,1464.8,292.96
2024-09-13,297,Shirt,2,548.2,274.1
2024-09-13,431,Pen,2,656.2,328.1
2024-09-14,513,Yoga Mat,5,1062.1,212.42
2024-09-14,636,Yoga Mat,2,699.08,349.54
2024-09-14,845,Pillow,2,297.18,148.59
2024-09-14,852,Vase,4,1638.32,409.58
2024-09-14,889,Shirt,1,239.33,239.33
2024-09-15,693,Blanket,2,120.66,60.33
2024-09-15,848,Skirt,1,431.8,431.8
2024-09-15,961,Carpet,2,226.42,113.21
2024-09-16,517,Basketball,3,931.17,310.39
2024-09-17,167,Novel,5,631.15,126.23
2024-09-17,410,Laptop,4,886.16,221.54
2024-09-17,970,Smartwatch,5,1664.3000000000002,332.86
2024-09-18,939,Carpet,2,651.76,325.88
2024-09-19,309,Carpet,5,1246.9,249.38
2024-09-19,774,Headphones,2,942.24,471.12
2024-09-20,220,Notebook,2,532.54,266.27
2024-09-20,279,Pants,2,794.56,397.28
2024-09-20,626,Blanket,2,427.94,213.97
2024-09-20,710,Headphones,4,1212.64,303.16
2024-09-20,880,Basketball,4,1290.36,322.59
2024-09-20,932,T-shirt,2,520.28,260.14
2024-09-21,313,Pen,2,226.48,113.24
2024-09-21,551,Eraser,5,2131.85,426.37
2024-09-21,774,Vase,3,247.59,82.53
2024-09-22,132,Headphones,2,603.84,301.92
2024-09-22,595,Smartphone,2,354.98,177.49
2024-09-22,738,Smartwatch,5,965.45,193.09
2024-09-22,820,Pen,1,357.97,357.97
2024-09-22,954,Pillow,4,825.12,206.28
2024-09-23,254,Painting,1,169.29,169.29
2024-09-23,361,Dress,1,483.14,483.14
2024-09-23,476,Smartphone,1,234.56,234.56
2024-09-23,479,Painting,3,774.8399999999999,258.28
2024-09-24,107,Basketball,4,903.32,225.83
2024-09-24,237,Running Shoes,1,101.82,101.82
2024-09-24,248,Pillow,1,257.23,257.23
2024-09-24,507,Skirt,4,1023.56,255.89
2024-09-24,615,Soccer Ball,2,172.3,86.15
2024-09-24,863,Running Shoes,5,874.1500000000001,174.83
2024-09-24,874,Carpet,2,124.02,62.01
2024-09-24,952,Tablet,2,961.58,480.79
2024-09-25,257,Vase,5,773.6,154.72
2024-09-25,901,Basketball,1,101.9,101.9
2024-09-25,975,Carpet,4,786.8,196.7
2024-09-26,203,Headphones,3,388.04999999999995,129.35
2024-09-26,409,Running Shoes,1,333.66,333.66
2024-09-26,892,Eraser,5,1400.75,280.15
2024-09-27,110,Pants,5,2093.5499999999997,418.71
2024-09-27,285,Painting,1,481.21,481.21
2024-09-27,750,Soccer Ball,5,484.7,96.94
2024-09-27,994,Smartphone,5,2376.55,475.31
2024-09-28,146,Notebook,5,2286.0499999999997,457.21
2024-09-28,197,Eraser,2,969.86,484.93
2024-09-28,375,Eraser,5,129.35,25.87
2024-09-28,597,Tablet,3,1337.46,445.82
2024-09-29,149,Laptop,5,2434.5,486.9
2024-09-29,896,Painting,4,1916.48,479.12
2024-09-30,798,Soccer Ball,5,974.1500000000001,194.83
2024-10-01,362,Pants,2,654.44,327.22
2024-10-01,775,Smartwatch,4,1841.52,460.38
2024-10-02,399,Smartwatch,3,459.45000000000005,153.15
2024-10-02,816,Smartwatch,3,245.88,81.96
2024-10-02,868,Eraser,2,493.28,246.64
2024-10-03,618,Painting,3,1240.56,413.52
2024-10-03,819,Carpet,3,1402.53,467.51
2024-10-05,199,Skirt,4,215.08,53.77
2024-10-05,811,Novel,5,301.5,60.3
2024-10-06,319,Pants,5,58.650000000000006,11.73
2024-10-06,424,Tablet,4,900.36,225.09
2024-10-07,279,Pillow,5,2282.75,456.55
2024-10-07,354,Laptop,5,1460.4499999999998,292.09
2024-10-07,533,Smartwatch,1,142.29,142.29
2024-10-07,603,Basketball,4,1266.96,316.74
2024-10-08,783,Running Shoes,3,1362.6,454.2
2024-10-09,640,Pillow,5,715.15,143.03
2024-10-09,644,Blanket,2,315.12,157.56
2024-10-10,371,Blanket,4,1904.28,476.07
2024-10-11,209,Laptop,3,458.04,152.68
2024-10-11,756,Blanket,4,363.16,90.79
2024-10-12,292,Smartwatch,3,981.9000000000001,327.3
2024-10-12,551,Pants,3,1080.96,360.32
2024-10-12,967,Eraser,3,283.62,94.54
2024-10-13,225,Tent,1,304.0,304.0
2024-10-13,400,Running Shoes,4,163.12,40.78
2024-10-13,716,Story Book,2,110.14,55.07
2024-10-13,750,Basketball,2,206.4,103.2
2024-10-13,883,Pillow,1,489.19,489.19
2024-10-14,222,Headphones,3,1057.0500000000002,352.35
2024-10-14,300,Running Shoes,3,799.5,266.5
2024-10-14,405,Laptop,2,972.2,486.1
2024-10-14,448,Eraser,5,707.35,141.47
2024-10-14,455,Smartphone,4,624.84,156.21
2024-10-14,661,Running Shoes,1,297.8,297.8
2024-10-15,300,Soccer Ball,3,1358.6999999999998,452.9
2024-10-15,712,Soccer Ball,3,655.47,218.49
2024-10-16,761,Laptop,5,312.3,62.46
2024-10-17,226,Dress,1,254.46,254.46
2024-10-18,347,Dress,2,301.02,150.51
2024-10-18,411,Carpet,5,1226.9,245.38
2024-10-18,858,Story Book,5,1871.9499999999998,374.39
2024-10-19,369,Pants,2,686.74,343.37
2024-10-20,247,Smartphone,5,187.60000000000002,37.52
2024-10-21,157,Skirt,4,89.04,22.26
2024-10-21,317,Pillow,2,194.9,97.45
2024-10-21,526,Painting,2,39.44,19.72
2024-10-21,648,Dress,4,1186.0,296.5
2024-10-21,910,Notebook,3,501.96,167.32
2024-10-22,478,Notebook,1,84.68,84.68
2024-10-22,703,Yoga Mat,3,1223.49,407.83
2024-10-22,961,Painting,3,685.6500000000001,228.55
2024-10-23,522,Dress,2,409.92,204.96
2024-10-24,112,Tablet,4,1152.88,288.22
2024-10-25,465,Yoga Mat,2,700.3,350.15
2024-10-25,509,Headphones,3,1477.0500000000002,492.35
2024-10-26,212,Skirt,4,1348.44,337.11
2024-10-26,244,Pillow,3,650.7,216.9
2024-10-26,420,Smartphone,5,1347.0500000000002,269.41
2024-10-26,554,Tablet,3,963.21,321.07
2024-10-26,798,Painting,2,735.56,367.78
2024-10-27,247,Novel,3,1031.34,343.78
2024-10-27,911,Smartphone,3,1282.44,427.48
2024-10-28,139,Story Book,5,541.95,108.39
2024-10-28,204,Story Book,2,460.22,230.11
2024-10-28,457,Tablet,4,787.96,196.99
2024-10-28,636,T-shirt,2,230.16,115.08
2024-10-28,884,Tablet,5,2277.15,455.43
2024-10-29,970,Carpet,1,189.89,189.89
2024-10-30,158,Shirt,2,183.52,91.76
2024-10-30,579,Soccer Ball,4,583.44,145.86
2024-10-30,950,Yoga Mat,4,1385.76,346.44
2024-10-31,108,Soccer Ball,2,567.62,283.81
2024-11-01,248,Dress,5,971.35,194.27
2024-11-01,586,Notebook,2,790.02,395.01
2024-11-01,923,Laptop,5,304.1,60.82
2024-11-01,941,Smartphone,2,782.86,391.43
2024-11-02,922,Painting,4,631.8,157.95
2024-11-03,901,Story Book,4,146.84,36.71
2024-11-04,308,Blanket,5,1142.15,228.43
2024-11-04,415,Yoga Mat,5,1829.05,365.81
2024-11-05,101,Painting,1,92.22,92.22
2024-11-05,809,Eraser,1,447.49,447.49
2024-11-05,953,Basketball,3,662.1899999999999,220.73
2024-11-06,177,Pen,3,590.91,196.97
2024-11-06,257,Carpet,4,1061.04,265.26
2024-11-06,280,Yoga Mat,1,401.05,401.05
2024-11-06,335,Running Shoes,4,342.32,85.58
2024-11-06,445,Smartphone,5,1773.1999999999998,354.64
2024-11-07,380,Pillow,2,604.98,302.49
2024-11-07,897,Tablet,5,127.75,25.55
2024-11-08,106,Skirt,1,497.89,497.89
2024-11-08,417,Pen,5,1639.65,327.93
2024-11-08,691,Dress,3,413.66999999999996,137.89
2024-11-08,866,Story Book,2,296.62,148.31
2024-11-09,135,T-shirt,4,156.88,39.22
2024-11-09,209,Yoga Mat,1,119.39,119.39
2024-11-09,246,Running Shoes,2,130.26,65.13
2024-11-09,992,Headphones,3,686.55,228.85
2024-11-10,533,Yoga Mat,3,86.25,28.75
2024-11-11,529,Smartphone,5,1701.55,340.31
2024-11-11,615,Soccer Ball,4,1363.4,340.85
2024-11-11,667,Vase,4,1912.68,478.17
2024-11-12,256,Painting,5,2052.75,410.55
2024-11-12,355,Carpet,3,797.31,265.77
2024-11-12,452,Pants,2,797.82,398.91
2024-11-12,802,Tent,2,257.1,128.55
2024-11-13,241,Painting,5,1978.1999999999998,395.64
2024-11-13,451,Painting,3,263.15999999999997,87.72
2024-11-13,563,Pillow,2,585.8,292.9
2024-11-13,713,Eraser,5,419.6,83.92
2024-11-13,910,Smartphone,4,636.56,159.14
2024-11-14,577,Yoga Mat,3,448.47,149.49
2024-11-14,747,Vase,1,168.47,168.47
2024-11-14,795,T-shirt,4,1852.28,463.07
2024-11-14,854,Novel,3,1098.42,366.14
2024-11-16,166,Pants,1,197.69,197.69
2024-11-16,417,Tablet,1,36.52,36.52
2024-11-16,682,Novel,1,240.56,240.56
2024-11-17,638,Soccer Ball,4,1689.92,422.48
2024-11-17,792,Novel,2,640.96,320.48
2024-11-18,101,Soccer Ball,3,789.48,263.16
2024-11-18,505,Soccer Ball,4,888.4,222.1
2024-11-18,576,Story Book,4,1773.72,443.43
2024-11-19,503,Running Shoes,5,334.79999999999995,66.96
2024-11-19,956,Tablet,2,993.86,496.93
2024-11-20,154,Smartphone,5,649.1500000000001,129.83
2024-11-20,434,Yoga Mat,1,198.08,198.08
2024-11-20,500,Vase,1,187.51,187.51
2024-11-21,852,Pillow,4,818.24,204.56
2024-11-22,247,Vase,5,329.35,65.87
2024-11-22,977,Headphones,5,984.35,196.87
2024-11-23,180,Eraser,4,936.16,234.04
2024-11-23,275,Headphones,1,330.94,330.94
2024-11-23,427,Tablet,2,455.42,227.71
2024-11-24,264,Tent,1,241.61,241.61
2024-11-24,667,Running Shoes,3,350.21999999999997,116.74
2024-11-24,832,Skirt,2,192.62,96.31
2024-11-24,863,Pillow,2,38.7,19.35
2024-11-26,482,Eraser,4,485.16,121.29
2024-11-26,822,Yoga Mat,2,473.22,236.61
2024-11-26,983,Pants,1,419.8,419.8
2024-11-27,244,Shirt,4,1332.92,333.23
2024-11-27,312,Pants,4,982.6,245.65
2024-11-27,971,Dress,4,815.76,203.94
2024-11-29,327,Vase,5,2378.1,475.62
2024-11-29,344,Shirt,5,1824.5500000000002,364.91
2024-11-30,369,Running Shoes,4,332.32,83.08
2024-12-02,547,Notebook,5,1988.15,397.63
2024-12-02,912,Pants,1,242.04,242.04
2024-12-02,977,Blanket,3,250.41,83.47
2024-12-03,544,Laptop,3,1372.32,457.44
2024-12-03,628,Pants,1,71.83,71.83
2024-12-03,775,Laptop,3,768.36,256.12
2024-12-03,829,Smartphone,4,784.64,196.16
2024-12-04,683,Painting,1,404.07,404.07
2024-12-04,837,Basketball,4,1948.84,487.21
2024-12-05,359,Tent,5,442.84999999999997,88.57
2024-12-05,620,T-shirt,3,436.08000000000004,145.36
2024-12-05,853,Pillow,1,153.82,153.82
2024-12-06,804,Pen,1,106.07,106.07
2024-12-07,162,Yoga Mat,3,1076.46,358.82
2024-12-07,311,Laptop,2,101.04,50.52
2024-12-07,358,Notebook,3,853.4100000000001,284.47
2024-12-07,438,Notebook,5,664.9,132.98
2024-12-07,450,Blanket,4,1158.52,289.63
2024-12-08,128,Pen,2,951.54,475.77
2024-12-08,139,Running Shoes,5,2244.6,448.92
2024-12-08,522,Dress,3,488.49,162.83
2024-12-10,486,Carpet,3,1422.51,474.17
2024-12-10,704,Novel,1,55.6,55.6
2024-12-10,905,Pillow,4,1552.0,388.0
2024-12-11,226,Story Book,3,1286.85,428.95
2024-12-11,295,Eraser,5,1250.35,250.07
2024-12-11,355,Pants,2,867.66,433.83
2024-12-11,665,Pillow,3,1431.51,477.17
2024-12-12,100,Laptop,4,719.76,179.94
2024-12-12,178,Running Shoes,4,932.48,233.12
2024-12-12,426,Tablet,4,1832.32,458.08
2024-12-13,179,Smartwatch,1,20.84,20.84
2024-12-13,393,Headphones,1,112.93,112.93
2024-12-13,614,Laptop,5,724.75,144.95
2024-12-13,844,Notebook,1,312.01,312.01
2024-12-14,204,Basketball,5,466.45000000000005,93.29
2024-12-14,879,Tablet,5,1347.1000000000001,269.42
2024-12-15,202,Headphones,2,364.12,182.06
2024-12-15,222,Tablet,2,846.44,423.22
2024-12-15,311,Skirt,5,110.75,22.15
2024-12-15,585,Shirt,1,499.23,499.23
2024-12-15,625,Headphones,4,1710.6,427.65
2024-12-16,246,Dress,3,91.83,30.61
2024-12-16,806,Tent,4,1735.08,433.77
2024-12-16,957,Laptop,4,1064.52,266.13
2024-12-17,110,Tent,3,204.66,68.22
2024-12-17,125,Basketball,1,117.37,117.37
2024-12-17,362,Vase,5,1535.2,307.04
2024-12-17,549,Pillow,3,1287.33,429.11
2024-12-17,784,Smartphone,2,746.72,373.36
2024-12-18,299,Smartwatch,2,672.68,336.34
2024-12-18,870,Skirt,2,316.1,158.05
2024-12-18,914,Smartphone,4,1165.16,291.29
2024-12-18,974,Tablet,5,2053.0,410.6
2024-12-19,173,Basketball,1,432.67,432.67
2024-12-19,259,Dress,4,1754.64,438.66
2024-12-19,395,Shirt,3,592.98,197.66
2024-12-19,689,Pants,4,503.64,125.91
2024-12-19,780,Soccer Ball,5,1019.6500000000001,203.93
2024-12-19,804,Smartphone,2,395.92,197.96
2024-12-20,184,Laptop,4,1830.16,457.54
2024-12-21,681,Yoga Mat,2,137.02,68.51
2024-12-22,222,Blanket,3,1117.83,372.61
2024-12-22,639,Smartwatch,3,556.6800000000001,185.56
2024-12-22,742,Yoga Mat,1,329.05,329.05
2024-12-23,560,Notebook,5,624.55,124.91
2024-12-23,642,T-shirt,5,1838.25,367.65
2024-12-23,798,Laptop,5,823.1,164.62
2024-12-23,976,Soccer Ball,3,229.32,76.44
2024-12-24,246,Pillow,4,1282.88,320.72
2024-12-24,405,Basketball,3,1216.6200000000001,405.54
2024-12-24,651,Vase,4,247.64,61.91
2024-12-24,941,Smartphone,2,688.08,344.04
2024-12-24,990,Blanket,3,1441.9499999999998,480.65
2024-12-25,119,Laptop,2,513.82,256.91
2024-12-25,133,T-shirt,4,218.72,54.68
2024-12-25,629,Blanket,5,1609.7,321.94
2024-12-25,828,Eraser,1,373.83,373.83
2024-12-26,114,T-shirt,3,720.1500000000001,240.05
2024-12-26,405,Pants,4,628.96,157.24
2024-12-26,757,Carpet,1,274.59,274.59
2024-12-26,773,Shirt,3,461.84999999999997,153.95
2024-12-26,914,Pants,5,520.25,104.05
2024-12-27,144,Dress,3,488.09999999999997,162.7
2024-12-27,232,Basketball,5,2044.75,408.95
2024-12-27,969,Shirt,1,275.82,275.82
2024-12-28,144,Soccer Ball,3,603.96,201.32
2024-12-28,145,T-shirt,3,493.91999999999996,164.64
2024-12-28,241,Headphones,2,605.18,302.59
2024-12-29,237,Eraser,2,480.52,240.26
2024-12-30,424,Soccer Ball,3,910.44,303.48
2024-12-30,448,Pants,5,1437.5,287.5
2024-12-30,522,Smartwatch,3,858.03,286.01
2024-12-30,631,Story Book,1,309.55,309.55
2024-12-31,180,Carpet,2,255.9,127.95
2024-12-31,310,Pen,5,398.29999999999995,79.66
2024-12-31,852,T-shirt,4,1522.12,380.53
2025-01-01,261,Blanket,4,1284.72,321.18
2025-01-03,554,Tablet,4,239.72,59.93
2025-01-03,591,T-shirt,3,619.14,206.38
2025-01-03,739,Notebook,4,1640.24,410.06
2025-01-03,748,Smartwatch,2,602.2,301.1
2025-01-03,937,Painting,4,1915.76,478.94
2025-01-04,504,Vase,2,480.28,240.14
2025-01-05,928,Tent,1,63.44,63.44
2025-01-06,229,Smartphone,1,231.51,231.51
2025-01-06,759,Novel,1,233.24,233.24
2025-01-06,847,Story Book,5,625.4,125.08
2025-01-06,991,Pillow,3,625.41,208.47
2025-01-07,394,Pen,4,1977.28,494.32
2025-01-07,398,Vase,5,365.95,73.19
2025-01-07,635,Carpet,1,235.88,235.88
2025-01-07,635,Painting,4,1295.56,323.89
2025-01-07,798,Skirt,1,280.12,280.12
2025-01-08,424,Soccer Ball,3,190.77,63.59
2025-01-10,366,Eraser,1,79.8,79.8
2025-01-10,387,Story Book,2,616.82,308.41
2025-01-11,143,Smartwatch,1,63.56,63.56
2025-01-11,517,Headphones,2,216.68,108.34
2025-01-11,815,Vase,1,450.81,450.81
2025-01-12,447,Painting,1,428.62,428.62
2025-01-12,704,Eraser,3,272.73,90.91
2025-01-13,611,Skirt,1,124.01,124.01
2025-01-13,860,Skirt,1,145.57,145.57
2025-01-14,162,Novel,1,69.76,69.76
2025-01-14,290,Skirt,3,383.34000000000003,127.78
2025-01-14,374,Story Book,3,646.29,215.43
2025-01-14,471,Pants,4,1503.64,375.91
2025-01-14,678,Smartphone,2,368.4,184.2
2025-01-15,146,Tablet,5,921.35,184.27
2025-01-15,856,Yoga Mat,1,230.09,230.09
2025-01-16,352,Shirt,1,424.55,424.55
2025-01-16,695,Skirt,1,66.24,66.24
2025-01-16,868,Carpet,1,55.6,55.6
2025-01-16,945,Shirt,1,27.65,27.65
2025-01-17,157,Pillow,4,1627.96,406.99
2025-01-17,388,Pen,1,78.2,78.2
2025-01-17,479,Carpet,4,1106.92,276.73
2025-01-17,489,Pants,3,515.8499999999999,171.95
2025-01-17,658,Laptop,2,86.06,43.03
2025-01-17,675,Blanket,5,317.6,63.52
2025-01-18,589,Painting,2,463.7,231.85
2025-01-19,321,Headphones,2,287.76,143.88
2025-01-20,105,Story Book,2,615.18,307.59
2025-01-20,744,Running Shoes,5,1605.2,321.04
2025-01-20,837,Painting,2,174.6,87.3
2025-01-21,539,Tent,3,297.48,99.16
2025-01-22,510,Shirt,2,691.78,345.89
2025-01-22,656,T-shirt,4,905.8,226.45
2025-01-23,241,Painting,2,975.86,487.93
2025-01-23,260,Tent,4,436.24,109.06
2025-01-23,287,Smartphone,4,344.92,86.23
2025-01-23,327,Shirt,2,999.0,499.5
2025-01-23,653,Eraser,2,947.14,473.57
2025-01-24,713,Tent,3,955.3199999999999,318.44
2025-01-24,799,Vase,4,459.4,114.85
2025-01-24,886,Blanket,4,1386.16,346.54
2025-01-25,292,Dress,4,1024.72,256.18
2025-01-25,739,Headphones,2,21.44,10.72
2025-01-25,787,Painting,3,414.51,138.17
2025-01-26,413,Soccer Ball,2,867.34,433.67
2025-01-26,517,Pen,2,764.3,382.15
2025-01-26,701,Vase,5,1244.4,248.88
2025-01-26,712,Pants,4,1338.72,334.68
2025-01-27,148,Novel,5,1456.1000000000001,291.22
2025-01-27,266,Dress,4,1897.08,474.27
2025-01-27,347,Headphones,5,2051.9,410.38
2025-01-27,400,Pen,1,389.49,389.49
2025-01-28,246,Carpet,2,235.56,117.78
2025-01-28,282,Dress,1,467.54,467.54
2025-01-28,331,Shirt,2,905.2,452.6
2025-01-28,346,Blanket,3,476.25,158.75
2025-01-28,349,Pants,3,1051.92,350.64
2025-01-28,543,Carpet,5,1778.25,355.65
2025-01-28,888,Eraser,4,145.08,36.27
2025-01-28,964,Yoga Mat,4,757.2,189.3
2025-01-29,389,Vase,3,1306.1100000000001,435.37
2025-01-29,408,Novel,2,872.4,436.2
2025-01-29,481,Basketball,4,693.4,173.35
2025-01-29,747,T-shirt,3,1093.65,364.55
2025-01-30,332,Story Book,2,321.88,160.94
2025-01-30,766,Tent,5,598.75,119.75
2025-01-30,983,Blanket,2,938.66,469.33
2025-01-31,381,Vase,2,452.96,226.48
2025-01-31,549,Smartwatch,2,642.28,321.14
2025-01-31,734,Shirt,2,723.48,361.74
2025-02-02,671,Notebook,1,281.72,281.72
2025-02-03,200,Pants,3,53.849999999999994,17.95
2025-02-04,299,Skirt,3,675.3,225.1
2025-02-04,544,T-shirt,3,239.88,79.96
2025-02-04,632,Yoga Mat,1,315.09,315.09
2025-02-04,684,Tent,5,115.0,23.0
2025-02-05,260,Skirt,1,463.67,463.67
2025-02-05,325,Dress,4,627.48,156.87
2025-02-05,721,Dress,4,127.0,31.75
2025-02-05,967,Blanket,4,1667.56,416.89
2025-02-06,122,Smartwatch,1,420.63,420.63
2025-02-06,293,Basketball,2,723.98,361.99
2025-02-06,336,Eraser,2,673.78,336.89
2025-02-07,480,Notebook,2,706.46,353.23
2025-02-07,484,Notebook,1,53.18,53.18
2025-02-07,613,T-shirt,4,1406.48,351.62
2025-02-07,685,Eraser,1,151.94,151.94
2025-02-07,702,Headphones,5,642.25,128.45
2025-02-07,931,Tablet,3,1318.53,439.51
2025-02-07,943,Pen,2,886.98,443.49
2025-02-08,351,Carpet,1,247.45,247.45
2025-02-08,470,Smartwatch,4,1726.92,431.73
2025-02-08,789,Skirt,1,54.94,54.94
2025-02-09,349,Skirt,3,1427.01,475.67
2025-02-09,775,Tent,5,120.9,24.18
2025-02-11,295,Yoga Mat,5,2028.85,405.77
2025-02-11,937,Laptop,1,391.58,391.58
2025-02-11,988,Dress,3,1035.54,345.18
2025-02-12,123,Eraser,1,65.69,65.69
2025-02-12,851,Shirt,2,650.46,325.23
2025-02-12,953,Novel,3,176.73,58.91
2025-02-14,136,Soccer Ball,1,88.76,88.76
2025-02-14,511,Story Book,2,424.96,212.48
2025-02-15,348,Running Shoes,2,552.78,276.39
2025-02-15,418,Carpet,5,1233.4,246.68
2025-02-15,622,Headphones,4,1302.92,325.73
2025-02-15,840,Story Book,5,102.30000000000001,20.46
2025-02-16,343,Tent,1,415.49,415.49
2025-02-17,787,Smartphone,4,1042.56,260.64
2025-02-18,305,Novel,2,407.88,203.94
2025-02-19,411,Laptop,3,275.37,91.79
2025-02-19,775,Basketball,2,735.88,367.94
2025-02-20,436,Yoga Mat,4,454.56,113.64
2025-02-20,626,Eraser,2,234.18,117.09
2025-02-20,938,Carpet,4,1533.44,383.36
2025-02-21,112,Smartwatch,4,1500.52,375.13
2025-02-21,125,Headphones,2,191.54,95.77
2025-02-21,159,Vase,5,2437.6499999999996,487.53
2025-02-21,263,Yoga Mat,3,614.88,204.96
2025-02-21,329,Vase,3,1031.94,343.98
2025-02-21,572,Vase,3,1185.1200000000001,395.04
2025-02-21,648,Blanket,1,202.55,202.55
2025-02-21,650,Smartphone,3,261.69,87.23
2025-02-23,360,T-shirt,3,440.01,146.67
2025-02-24,113,Running Shoes,3,1378.23,459.41
2025-02-24,391,Story Book,5,1124.2,224.84
2025-02-24,533,Smartwatch,1,475.07,475.07
2025-02-24,560,Smartphone,3,235.82999999999998,78.61
2025-02-25,907,Tablet,2,154.74,77.37
2025-02-25,911,Carpet,4,150.08,37.52
2025-02-26,439,T-shirt,5,2382.6499999999996,476.53
2025-02-26,881,Shirt,2,623.68,311.84
2025-02-27,203,Headphones,5,928.25,185.65
2025-02-27,453,Novel,3,1176.78,392.26
2025-02-27,511,Smartphone,3,1126.77,375.59
2025-02-27,511,Smartwatch,2,579.8,289.9
2025-02-28,133,Notebook,5,2342.75,468.55
2025-03-01,106,Dress,1,87.9,87.9
2025-03-01,567,T-shirt,1,98.87,98.87
2025-03-02,550,Vase,1,99.84,99.84
2025-03-03,222,Tent,2,297.34,148.67
2025-03-03,371,Headphones,2,616.14,308.07
2025-03-03,538,Eraser,3,798.4499999999999,266.15
2025-03-04,374,Skirt,2,904.4,452.2
2025-03-04,886,Novel,4,1200.12,300.03
2025-03-05,501,Basketball,3,1369.1399999999999,456.38
2025-03-05,674,Basketball,2,191.98,95.99
2025-03-05,961,Laptop,4,1462.16,365.54
2025-03-06,268,T-shirt,3,842.6999999999999,280.9
2025-03-06,287,Tent,2,664.94,332.47
2025-03-06,770,Story Book,4,574.96,143.74
2025-03-07,442,Tablet,1,94.6,94.6
2025-03-08,681,Skirt,1,461.0,461.0
2025-03-09,502,Smartwatch,5,1851.2,370.24
2025-03-09,976,Skirt,5,1149.05,229.81
2025-03-10,102,Soccer Ball,4,1521.68,380.42
2025-03-10,374,Novel,1,239.35,239.35
2025-03-10,716,Tablet,1,433.99,433.99
2025-03-11,519,Basketball,1,292.66,292.66
2025-03-11,967,Blanket,1,77.42,77.42
2025-03-12,247,Novel,2,381.0,190.5
2025-03-12,323,Dress,3,188.43,62.81
2025-03-12,344,Yoga Mat,5,1861.9499999999998,372.39
2025-03-12,423,Eraser,4,1226.64,306.66
2025-03-13,189,T-shirt,5,2263.35,452.67
2025-03-13,433,Pants,2,739.4,369.7
2025-03-13,486,Yoga Mat,4,1727.64,431.91
2025-03-14,395,Headphones,1,191.02,191.02
2025-03-14,621,Running Shoes,2,69.22,34.61
2025-03-14,733,Smartwatch,2,370.8,185.4
2025-03-16,315,Blanket,2,614.24,307.12
2025-03-16,776,Pen,4,404.04,101.01
2025-03-16,855,Headphones,3,903.21,301.07
2025-03-17,142,Story Book,1,34.64,34.64
2025-03-17,261,Soccer Ball,3,996.75,332.25
2025-03-18,568,Dress,1,354.32,354.32
2025-03-18,874,Painting,4,243.04,60.76
2025-03-19,122,Pen,5,2352.15,470.43
2025-03-19,175,Novel,2,600.32,300.16
2025-03-19,385,Blanket,1,366.27,366.27
