event_date,stock_code,product_name,daily_quantity,daily_revenue,avg_price,day_of_week,month,quarter,qty_7d_ma,qty_30d_ma,qty_lag_1,price_lag_1,predicted_quantity,recommended_price
2024-12-12,100,Laptop,4,719.76,179.94,3,12,4,4.0,4.0,0.0,251.85066,3.976904,197.93400000000003
2024-08-29,101,Headphones,4,197.24,49.31,3,8,3,4.0,4.0,0.0,251.85066,4.0007644,54.24100000000001
2024-11-05,101,Painting,1,92.22,92.22,1,11,4,2.5,2.5,4.0,49.31,1.0022541,101.44200000000001
2024-11-18,101,Soccer Ball,3,789.48,263.16,0,11,4,2.6666666666666665,2.6666666666666665,1.0,92.22,3.005017,289.47600000000006
2025-03-10,102,Soccer Ball,4,1521.68,380.42,0,3,1,4.0,4.0,0.0,251.85066,4.009381,418.46200000000005
2025-01-20,105,Story Book,2,615.18,307.59,0,1,1,2.0,2.0,0.0,251.85066,2.002324,338.349
2024-11-08,106,Skirt,1,497.89,497.89,4,11,4,1.0,1.0,0.0,251.85066,0.99771863,547.679
2025-03-01,106,Dress,1,87.9,87.9,5,3,1,1.0,1.0,1.0,497.89,0.99682724,96.69000000000001
2024-05-22,107,Notebook,1,117.47,117.47,2,5,2,1.0,1.0,0.0,251.85066,1.0014393,129.217
2024-09-24,107,Basketball,4,903.32,225.83,1,9,3,2.5,2.5,1.0,117.47,4.001095,248.41300000000004
2024-10-31,108,Soccer Ball,2,567.62,283.81,3,10,4,2.0,2.0,0.0,251.85066,2.0103347,312.19100000000003
2024-05-17,110,Pants,3,1250.64,416.88,4,5,2,3.0,3.0,0.0,251.85066,2.9961975,458.56800000000004
2024-09-27,110,Pants,5,2093.55,418.71,4,9,3,4.0,4.0,3.0,416.88,4.9963984,460.581
2024-12-17,110,Tent,3,204.66,68.22,1,12,4,3.6666666666666665,3.6666666666666665,5.0,418.71,3.0039291,75.042
2024-06-17,111,Yoga Mat,2,833.86,416.93,0,6,2,2.0,2.0,0.0,251.85066,2.0005438,458.62300000000005
2024-07-04,111,Running Shoes,3,491.22,163.74,3,7,3,2.5,2.5,2.0,416.93,3.0241976,180.11400000000003
2024-03-25,112,Notebook,2,597.26,298.63,0,3,1,2.0,2.0,0.0,251.85066,2.001544,328.493
2024-10-24,112,Tablet,4,1152.88,288.22,3,10,4,3.0,3.0,2.0,298.63,3.9697843,317.04200000000003
2025-02-21,112,Smartwatch,4,1500.52,375.13,4,2,1,3.3333333333333335,3.3333333333333335,4.0,288.22,3.997154,412.64300000000003
2025-02-24,113,Running Shoes,3,1378.23,459.41,0,2,1,3.0,3.0,0.0,251.85066,3.0059912,505.35100000000006
2024-08-12,114,T-shirt,5,339.6,67.92,0,8,3,5.0,5.0,0.0,251.85066,4.9993453,74.712
2024-08-17,114,Blanket,4,1517.04,379.26,5,8,3,4.5,4.5,5.0,67.92,3.998241,417.18600000000004
2024-12-26,114,T-shirt,3,720.1500000000001,240.05,3,12,4,4.0,4.0,4.0,379.26,3.0262969,264.055
2024-08-26,115,Tent,5,2379.45,475.89,0,8,3,5.0,5.0,0.0,251.85066,5.0002856,523.479
2024-04-07,117,Running Shoes,2,666.1,333.05,6,4,2,2.0,2.0,0.0,251.85066,2.0000687,366.355
2024-03-21,118,Vase,4,1780.44,445.11,3,3,1,4.0,4.0,0.0,251.85066,4.0041776,489.62100000000004
2024-05-25,119,Yoga Mat,1,470.23,470.23,5,5,2,1.0,1.0,0.0,251.85066,1.0013305,517.253
2024-12-25,119,Laptop,2,513.82,256.91,2,12,4,1.5,1.5,1.0,470.23,1.9990541,282.60100000000006
2024-07-04,121,Story Book,5,2063.5,412.7,3,7,3,5.0,5.0,0.0,251.85066,5.000121,453.97
2025-02-06,122,Smartwatch,1,420.63,420.63,3,2,1,1.0,1.0,0.0,251.85066,0.9950336,462.69300000000004
2025-03-19,122,Pen,5,2352.15,470.43,2,3,1,3.0,3.0,1.0,420.63,4.6271367,517.4730000000001
2025-02-12,123,Eraser,1,65.69,65.69,2,2,1,1.0,1.0,0.0,251.85066,0.9991336,72.259
2024-07-17,124,Tablet,4,144.4,36.1,2,7,3,4.0,4.0,0.0,251.85066,3.999625,39.71000000000001
2024-09-05,125,Shirt,2,804.84,402.42,3,9,3,2.0,2.0,0.0,251.85066,1.9988452,442.66200000000003
2024-12-17,125,Basketball,1,117.37,117.37,1,12,4,1.5,1.5,2.0,402.42,0.99868757,129.10700000000003
2025-02-21,125,Headphones,2,191.54,95.77,4,2,1,1.6666666666666667,1.6666666666666667,1.0,117.37,2.002105,105.34700000000001
2024-05-15,126,T-shirt,5,1619.5,323.9,2,5,2,5.0,5.0,0.0,251.85066,4.997678,356.29
2024-04-18,128,Yoga Mat,4,398.24,99.56,3,4,2,4.0,4.0,0.0,251.85066,3.9993355,109.516
2024-05-07,128,Pants,1,255.32,255.32,1,5,2,2.5,2.5,4.0,99.56,1.004439,280.85200000000003
2024-12-08,128,Pen,2,951.54,475.77,6,12,4,2.3333333333333335,2.3333333333333335,1.0,255.32,2.8388944,523.347
2024-04-04,129,Pants,2,545.66,272.83,3,4,2,2.0,2.0,0.0,251.85066,1.9989327,300.113
2024-09-22,132,Headphones,2,603.84,301.92,6,9,3,2.0,2.0,0.0,251.85066,2.006289,332.112
2024-04-04,133,Carpet,4,59.88,14.97,3,4,2,4.0,4.0,0.0,251.85066,3.9981322,16.467000000000002
2024-12-25,133,T-shirt,4,218.72,54.68,2,12,4,4.0,4.0,4.0,14.97,4.003323,60.148
2025-02-28,133,Notebook,5,2342.75,468.55,4,2,1,4.333333333333333,4.333333333333333,4.0,54.68,4.4790387,515.4050000000001
2024-11-09,135,T-shirt,4,156.88,39.22,5,11,4,4.0,4.0,0.0,251.85066,4.0008545,43.142
2025-02-14,136,Soccer Ball,1,88.76,88.76,4,2,1,1.0,1.0,0.0,251.85066,0.9986958,97.63600000000001
2024-05-25,137,Blanket,3,660.96,220.32,5,5,2,3.0,3.0,0.0,251.85066,2.9991663,242.352
2024-10-28,139,Story Book,5,541.95,108.39,0,10,4,5.0,5.0,0.0,251.85066,4.9983816,119.22900000000001
2024-12-08,139,Running Shoes,5,2244.6,448.92,6,12,4,5.0,5.0,5.0,108.39,5.0000386,493.81200000000007
2024-05-28,140,Vase,2,278.86,139.43,1,5,2,2.0,2.0,0.0,251.85066,1.9940734,153.37300000000002
2024-03-23,141,Smartphone,2,400.34,200.17,5,3,1,2.0,2.0,0.0,251.85066,1.998624,220.187
2024-08-14,141,Eraser,5,2046.75,409.35,2,8,3,3.5,3.5,2.0,200.17,4.9928393,450.2850000000001
2024-08-30,141,Laptop,4,904.92,226.23,4,8,3,3.6666666666666665,3.6666666666666665,5.0,409.35,3.9976516,248.853
2024-06-29,142,Headphones,2,983.94,491.97,5,6,2,2.0,2.0,0.0,251.85066,1.9962692,541.167
2025-03-17,142,Story Book,1,34.64,34.64,0,3,1,1.5,1.5,2.0,491.97,0.97849876,38.104000000000006
2025-01-11,143,Smartwatch,1,63.56,63.56,5,1,1,1.0,1.0,0.0,251.85066,1.0008469,69.91600000000001
2024-06-26,144,Dress,5,1456.5,291.3,2,6,2,5.0,5.0,0.0,251.85066,5.0009727,320.43000000000006
2024-08-24,144,Vase,1,261.6,261.6,5,8,3,3.0,3.0,5.0,291.3,0.9998304,287.76000000000005
2024-12-27,144,Dress,3,488.1,162.7,4,12,4,3.0,3.0,1.0,261.6,4.864118,178.97
2024-12-28,144,Soccer Ball,3,603.96,201.32,5,12,4,3.0,3.0,3.0,162.7,3.341489,221.452
2024-12-28,145,T-shirt,3,493.92,164.64,5,12,4,3.0,3.0,0.0,251.85066,3.0023386,181.104
2024-06-18,146,Pen,1,405.91,405.91,1,6,2,1.0,1.0,0.0,251.85066,1.0009224,446.5010000000001
2024-09-28,146,Notebook,5,2286.05,457.21,5,9,3,3.0,3.0,1.0,405.91,4.781203,502.93100000000004
2025-01-15,146,Tablet,5,921.35,184.27,2,1,1,3.6666666666666665,3.6666666666666665,5.0,457.21,4.9991574,202.69700000000003
2025-01-27,148,Novel,5,1456.1,291.22,0,1,1,5.0,5.0,0.0,251.85066,4.998175,320.34200000000004
2024-07-17,149,T-shirt,5,899.5999999999999,179.92,2,7,3,5.0,5.0,0.0,251.85066,4.99986,197.912
2024-07-28,149,Skirt,1,54.19,54.19,6,7,3,3.0,3.0,5.0,179.92,1.3479369,59.609
2024-09-29,149,Laptop,5,2434.5,486.9,6,9,3,3.6666666666666665,3.6666666666666665,1.0,54.19,5.0013857,535.59
2024-04-17,150,Eraser,3,633.87,211.29,2,4,2,3.0,3.0,0.0,251.85066,2.9990125,232.419
2024-06-09,151,Skirt,5,157.05,31.41,6,6,2,5.0,5.0,0.0,251.85066,5.0000186,34.551
2024-08-20,151,Painting,1,357.67,357.67,1,8,3,3.0,3.0,5.0,31.41,1.0017139,393.43700000000007
2024-11-20,154,Smartphone,5,649.1500000000001,129.83,2,11,4,5.0,5.0,0.0,251.85066,5.00231,142.81300000000002
2024-04-08,157,Basketball,1,200.44,200.44,0,4,2,1.0,1.0,0.0,251.85066,0.9999373,220.484
2024-04-19,157,Tent,1,60.16,60.16,4,4,2,1.0,1.0,1.0,200.44,1.00089,66.176
2024-08-14,157,Vase,5,1526.4,305.28,2,8,3,2.3333333333333335,2.3333333333333335,1.0,60.16,4.9847198,335.808
2024-10-21,157,Skirt,4,89.04,22.26,0,10,4,2.75,2.75,5.0,305.28,2.0454898,24.486000000000004
2025-01-17,157,Pillow,4,1627.96,406.99,4,1,1,3.0,3.0,4.0,22.26,3.989411,447.689
2024-04-07,158,Pillow,5,891.0,178.2,6,4,2,5.0,5.0,0.0,251.85066,4.999329,196.02
2024-10-30,158,Shirt,2,183.52,91.76,2,10,4,3.5,3.5,5.0,178.2,1.9966711,100.936
2024-04-11,159,Eraser,2,763.0,381.5,3,4,2,2.0,2.0,0.0,251.85066,2.0115166,419.65000000000003
2025-02-21,159,Vase,5,2437.65,487.53,4,2,1,3.5,3.5,2.0,381.5,5.000038,536.283
2024-04-11,161,Shirt,3,419.85,139.95,3,4,2,3.0,3.0,0.0,251.85066,2.9987884,153.945
2024-05-01,162,Shirt,3,594.0600000000001,198.02,2,5,2,3.0,3.0,0.0,251.85066,3.000652,217.82200000000003
2024-12-07,162,Yoga Mat,3,1076.46,358.82,5,12,4,3.0,3.0,3.0,198.02,2.990017,394.702
2025-01-14,162,Novel,1,69.76,69.76,1,1,1,2.3333333333333335,2.3333333333333335,3.0,358.82,1.0126729,76.73600000000002
2024-11-16,166,Pants,1,197.69,197.69,5,11,4,1.0,1.0,0.0,251.85066,0.9996188,217.459
2024-09-17,167,Novel,5,631.15,126.23,1,9,3,5.0,5.0,0.0,251.85066,4.9982815,138.853
2024-07-19,170,Skirt,1,394.75,394.75,4,7,3,1.0,1.0,0.0,251.85066,1.0027939,434.225
2024-05-17,171,Novel,1,138.55,138.55,4,5,2,1.0,1.0,0.0,251.85066,1.0008066,152.40500000000003
2024-08-01,171,Pants,2,557.82,278.91,3,8,3,1.5,1.5,1.0,138.55,2.0009952,306.80100000000004
2024-07-03,172,Carpet,1,415.86,415.86,2,7,3,1.0,1.0,0.0,251.85066,1.0020461,457.446
2024-08-04,173,Tent,2,616.86,308.43,6,8,3,2.0,2.0,0.0,251.85066,2.0055532,339.273
2024-12-19,173,Basketball,1,432.67,432.67,3,12,4,1.5,1.5,2.0,308.43,1.0014436,475.93700000000007
2024-04-15,175,Shirt,2,335.18,167.59,0,4,2,2.0,2.0,0.0,251.85066,1.9900812,184.34900000000002
2024-05-18,175,Tent,4,1435.8,358.95,5,5,2,3.0,3.0,2.0,167.59,3.9964502,394.845
2024-07-15,175,Shirt,3,304.35,101.45,0,7,3,3.0,3.0,4.0,358.95,2.1431532,111.59500000000001
2024-08-04,175,Carpet,2,72.72,36.36,6,8,3,2.75,2.75,3.0,101.45,2.0058796,39.996
2025-03-19,175,Novel,2,600.32,300.16,2,3,1,2.6,2.6,2.0,36.36,2.0124807,330.17600000000004
2024-08-15,177,Story Book,4,915.24,228.81,3,8,3,4.0,4.0,0.0,251.85066,3.9909596,251.69100000000003
2024-11-06,177,Pen,3,590.91,196.97,2,11,4,3.5,3.5,4.0,228.81,3.0126464,216.66700000000003
2024-12-12,178,Running Shoes,4,932.48,233.12,3,12,4,4.0,4.0,0.0,251.85066,3.9661834,256.432
2024-12-13,179,Smartwatch,1,20.84,20.84,4,12,4,1.0,1.0,0.0,251.85066,0.99910086,22.924000000000003
2024-08-24,180,Blanket,1,375.92,375.92,5,8,3,1.0,1.0,0.0,251.85066,0.99990785,413.51200000000006
2024-11-23,180,Eraser,4,936.16,234.04,5,11,4,2.5,2.5,1.0,375.92,4.0019336,257.444
2024-12-31,180,Carpet,2,255.9,127.95,1,12,4,2.3333333333333335,2.3333333333333335,4.0,234.04,1.9986622,140.745
2024-05-25,182,Pants,5,580.15,116.03,5,5,2,5.0,5.0,0.0,251.85066,5.0012217,127.63300000000001
2024-08-09,182,Tent,5,1330.8000000000002,266.16,4,8,3,5.0,5.0,5.0,116.03,4.958795,292.77600000000007
2024-04-13,183,T-shirt,2,170.62,85.31,5,4,2,2.0,2.0,0.0,251.85066,1.9965969,93.84100000000001
2024-08-28,183,Yoga Mat,3,316.29,105.43,2,8,3,2.5,2.5,2.0,85.31,3.000703,115.97300000000001
2024-06-02,184,Headphones,5,1678.0500000000002,335.61,6,6,2,5.0,5.0,0.0,251.85066,4.997006,369.17100000000005
2024-12-20,184,Laptop,4,1830.16,457.54,4,12,4,4.5,4.5,5.0,335.61,3.9983065,503.29400000000004
2024-05-02,186,Yoga Mat,4,148.68,37.17,3,5,2,4.0,4.0,0.0,251.85066,4.0021653,40.88700000000001
2024-05-12,186,Tablet,1,81.21,81.21,6,5,2,2.5,2.5,4.0,37.17,0.9976016,89.331
2024-08-17,186,Pants,4,1460.16,365.04,5,8,3,3.0,3.0,1.0,81.21,4.0062194,401.54400000000004
2024-07-17,187,T-shirt,3,746.73,248.91,2,7,3,3.0,3.0,0.0,251.85066,3.0006008,273.80100000000004
2024-03-20,188,Tent,5,142.5,28.5,2,3,1,5.0,5.0,0.0,251.85066,5.000809,31.35
2025-03-13,189,T-shirt,5,2263.35,452.67,3,3,1,5.0,5.0,0.0,251.85066,5.0056143,497.93700000000007
2024-05-14,190,Painting,4,275.16,68.79,1,5,2,4.0,4.0,0.0,251.85066,4.0001373,75.66900000000001
2024-07-11,190,Tent,1,92.5,92.5,3,7,3,2.5,2.5,4.0,68.79,1.0045778,101.75000000000001
2024-07-30,190,Soccer Ball,4,1418.76,354.69,1,7,3,3.0,3.0,1.0,92.5,4.3676643,390.15900000000005
2024-05-01,192,Pen,3,138.72,46.24,2,5,2,3.0,3.0,0.0,251.85066,3.0035775,50.864000000000004
2024-07-15,196,Carpet,5,1087.75,217.55,0,7,3,5.0,5.0,0.0,251.85066,5.000474,239.30500000000004
2024-09-28,197,Eraser,2,969.86,484.93,5,9,3,2.0,2.0,0.0,251.85066,1.9974388,533.423
2024-10-05,199,Skirt,4,215.08,53.77,5,10,4,4.0,4.0,0.0,251.85066,3.9964657,59.147000000000006
2024-06-01,200,Basketball,2,137.88,68.94,5,6,2,2.0,2.0,0.0,251.85066,1.9973642,75.834
2024-07-20,200,Painting,2,845.98,422.99,5,7,3,2.0,2.0,2.0,68.94,2.0020282,465.28900000000004
2025-02-03,200,Pants,3,53.85,17.95,0,2,1,2.3333333333333335,2.3333333333333335,2.0,422.99,3.0018919,19.745
2024-05-10,202,Skirt,4,706.88,176.72,4,5,2,4.0,4.0,0.0,251.85066,4.0008354,194.39200000000002
2024-12-15,202,Headphones,2,364.12,182.06,6,12,4,3.0,3.0,4.0,176.72,1.9969962,200.26600000000002
2024-09-26,203,Headphones,3,388.05,129.35,3,9,3,3.0,3.0,0.0,251.85066,2.9993913,142.285
2025-02-27,203,Headphones,5,928.25,185.65,3,2,1,4.0,4.0,3.0,129.35,4.9974923,204.21500000000003
2024-07-31,204,Dress,3,1426.59,475.53,2,7,3,3.0,3.0,0.0,251.85066,2.9998586,523.083
2024-10-28,204,Story Book,2,460.22,230.11,0,10,4,2.5,2.5,3.0,475.53,1.999098,253.12100000000004
2024-12-14,204,Basketball,5,466.4500000000001,93.29,5,12,4,3.3333333333333335,3.3333333333333335,2.0,230.11,4.997307,102.61900000000001
2024-06-11,205,Pants,4,842.2,210.55,1,6,2,4.0,4.0,0.0,251.85066,4.0000935,231.60500000000002
2024-08-19,206,Tent,5,114.3,22.86,0,8,3,5.0,5.0,0.0,251.85066,5.000094,25.146
2024-04-23,209,Pen,3,38.67,12.89,1,4,2,3.0,3.0,0.0,251.85066,3.1221154,14.179000000000002
2024-07-25,209,Shirt,1,96.75,96.75,3,7,3,2.0,2.0,3.0,12.89,1.0004528,106.42500000000001
2024-10-11,209,Laptop,3,458.04,152.68,4,10,4,2.3333333333333335,2.3333333333333335,1.0,96.75,2.8652,167.948
2024-11-09,209,Yoga Mat,1,119.39,119.39,5,11,4,2.0,2.0,3.0,152.68,1.0047108,131.329
2024-08-02,210,Novel,4,1339.04,334.76,4,8,3,4.0,4.0,0.0,251.85066,4.0012283,368.23600000000005
2024-10-26,212,Skirt,4,1348.44,337.11,5,10,4,4.0,4.0,0.0,251.85066,4.0012426,370.821
2024-05-25,216,Story Book,4,562.92,140.73,5,5,2,4.0,4.0,0.0,251.85066,4.0022798,154.803
2024-04-10,217,Dress,4,172.92,43.23,2,4,2,4.0,4.0,0.0,251.85066,3.999585,47.553
2024-08-28,218,Eraser,2,709.6,354.8,2,8,3,2.0,2.0,0.0,251.85066,2.004071,390.28000000000003
2024-09-07,220,Headphones,5,1262.5,252.5,5,9,3,5.0,5.0,0.0,251.85066,5.001938,277.75
2024-09-20,220,Notebook,2,532.54,266.27,4,9,3,3.5,3.5,5.0,252.5,1.9953324,292.897
2024-09-09,221,Headphones,1,306.53,306.53,0,9,3,1.0,1.0,0.0,251.85066,0.9998078,337.183
2024-10-14,222,Headphones,3,1057.0500000000002,352.35,0,10,4,3.0,3.0,0.0,251.85066,2.9952252,387.58500000000004
2024-12-15,222,Tablet,2,846.44,423.22,6,12,4,2.5,2.5,3.0,352.35,2.0031786,465.5420000000001
2024-12-22,222,Blanket,3,1117.83,372.61,6,12,4,2.6666666666666665,2.6666666666666665,2.0,423.22,3.0101767,409.87100000000004
2025-03-03,222,Tent,2,297.34,148.67,0,3,1,2.5,2.5,3.0,372.61,2.0001838,163.537
2024-06-02,224,Carpet,1,260.52,260.52,6,6,2,1.0,1.0,0.0,251.85066,0.9987065,286.572
2024-08-09,225,Skirt,3,1446.84,482.28,4,8,3,3.0,3.0,0.0,251.85066,2.9974372,530.508
2024-10-13,225,Tent,1,304.0,304.0,6,10,4,2.0,2.0,3.0,482.28,1.002146,334.40000000000003
2024-10-17,226,Dress,1,254.46,254.46,3,10,4,1.0,1.0,0.0,251.85066,1.0004487,279.906
2024-12-11,226,Story Book,3,1286.85,428.95,2,12,4,2.0,2.0,1.0,254.46,2.9819925,471.845
2025-01-06,229,Smartphone,1,231.51,231.51,0,1,1,1.0,1.0,0.0,251.85066,0.99305433,254.661
2024-07-29,231,Skirt,2,552.22,276.11,0,7,3,2.0,2.0,0.0,251.85066,1.9946477,303.72100000000006
2024-12-27,232,Basketball,5,2044.75,408.95,4,12,4,5.0,5.0,0.0,251.85066,5.0025177,449.845
2024-07-11,233,Eraser,2,709.7,354.85,3,7,3,2.0,2.0,0.0,251.85066,1.9965078,390.33500000000004
2024-08-11,233,Tablet,1,474.06,474.06,6,8,3,1.5,1.5,2.0,354.85,0.9991553,521.466
2024-05-06,234,Yoga Mat,1,52.5,52.5,0,5,2,1.0,1.0,0.0,251.85066,1.0015365,57.75000000000001
2024-06-12,234,Pen,2,352.26,176.13,2,6,2,1.5,1.5,1.0,52.5,1.9994224,193.74300000000002
2024-05-31,236,Running Shoes,5,1830.85,366.17,4,5,2,5.0,5.0,0.0,251.85066,4.998021,402.78700000000003
2024-09-24,237,Running Shoes,1,101.82,101.82,1,9,3,1.0,1.0,0.0,251.85066,1.0009419,112.002
2024-12-29,237,Eraser,2,480.52,240.26,6,12,4,1.5,1.5,1.0,101.82,2.0010118,264.286
2024-11-13,241,Painting,5,1978.2,395.64,2,11,4,5.0,5.0,0.0,251.85066,5.002017,435.204
2024-12-28,241,Headphones,2,605.18,302.59,5,12,4,3.5,3.5,5.0,395.64,1.9946164,332.849
2025-01-23,241,Painting,2,975.86,487.93,3,1,1,3.0,3.0,2.0,302.59,2.011198,536.7230000000001
2024-10-26,244,Pillow,3,650.7,216.9,5,10,4,3.0,3.0,0.0,251.85066,2.9937363,238.59000000000003
2024-11-27,244,Shirt,4,1332.92,333.23,2,11,4,3.5,3.5,3.0,216.9,3.9972453,366.55300000000005
2024-11-09,246,Running Shoes,2,130.26,65.13,5,11,4,2.0,2.0,0.0,251.85066,1.9995809,71.643
2024-12-16,246,Dress,3,91.83,30.61,0,12,4,2.5,2.5,2.0,65.13,3.2365315,33.671
2024-12-24,246,Pillow,4,1282.88,320.72,1,12,4,3.0,3.0,3.0,30.61,3.9991727,352.7920000000001
2025-01-28,246,Carpet,2,235.56,117.78,1,1,1,2.75,2.75,4.0,320.72,2.0024107,129.55800000000002
2024-10-20,247,Smartphone,5,187.6,37.52,6,10,4,5.0,5.0,0.0,251.85066,4.9997168,41.272000000000006
2024-10-27,247,Novel,3,1031.34,343.78,6,10,4,4.0,4.0,5.0,37.52,2.9976435,378.158
2024-11-22,247,Vase,5,329.35,65.87,4,11,4,4.333333333333333,4.333333333333333,3.0,343.78,5.004878,72.45700000000001
2025-03-12,247,Novel,2,381.0,190.5,2,3,1,3.75,3.75,5.0,65.87,2.0007164,209.55
2024-09-24,248,Pillow,1,257.23,257.23,1,9,3,1.0,1.0,0.0,251.85066,0.9993766,282.95300000000003
2024-11-01,248,Dress,5,971.35,194.27,4,11,4,3.0,3.0,1.0,257.23,5.0018697,213.69700000000003
2024-09-23,254,Painting,1,169.29,169.29,0,9,3,1.0,1.0,0.0,251.85066,1.001447,186.219
2024-11-12,256,Painting,5,2052.75,410.55,1,11,4,5.0,5.0,0.0,251.85066,5.0030484,451.6050000000001
2024-09-25,257,Vase,5,773.6,154.72,2,9,3,5.0,5.0,0.0,251.85066,4.997959,170.192
2024-11-06,257,Carpet,4,1061.04,265.26,2,11,4,4.5,4.5,5.0,154.72,4.0021505,291.786
2024-12-19,259,Dress,4,1754.64,438.66,3,12,4,4.0,4.0,0.0,251.85066,3.9974637,482.52600000000007
2024-06-22,260,Soccer Ball,3,476.7000000000001,158.9,5,6,2,3.0,3.0,0.0,251.85066,2.9984493,174.79000000000002
2024-08-17,260,Pants,1,408.63,408.63,5,8,3,2.0,2.0,3.0,158.9,1.0136389,449.49300000000005
2025-01-23,260,Tent,4,436.24,109.06,3,1,1,2.6666666666666665,2.6666666666666665,1.0,408.63,4.0065885,119.96600000000001
2025-02-05,260,Skirt,1,463.67,463.67,2,2,1,2.25,2.25,4.0,109.06,0.9989745,510.03700000000003
2025-01-01,261,Blanket,4,1284.72,321.18,2,1,1,4.0,4.0,0.0,251.85066,3.9972496,353.29800000000006
2025-03-17,261,Soccer Ball,3,996.75,332.25,0,3,1,3.5,3.5,4.0,321.18,3.0018477,365.475
2024-07-23,263,Basketball,5,1361.1,272.22,1,7,3,5.0,5.0,0.0,251.85066,5.000944,299.44200000000006
2025-02-21,263,Yoga Mat,3,614.88,204.96,4,2,1,4.0,4.0,5.0,272.22,3.002682,225.45600000000002
2024-11-24,264,Tent,1,241.61,241.61,6,11,4,1.0,1.0,0.0,251.85066,0.9998624,265.771
2024-03-27,265,Painting,2,435.34,217.67,2,3,1,2.0,2.0,0.0,251.85066,1.9973222,239.437
2025-01-27,266,Dress,4,1897.08,474.27,0,1,1,4.0,4.0,0.0,251.85066,4.005078,521.697
2024-05-09,267,Laptop,2,663.72,331.86,3,5,2,2.0,2.0,0.0,251.85066,2.001166,365.04600000000005
2025-03-06,268,T-shirt,3,842.6999999999999,280.9,3,3,1,3.0,3.0,0.0,251.85066,2.9918585,308.99
2024-06-06,273,Yoga Mat,5,911.95,182.39,3,6,2,5.0,5.0,0.0,251.85066,5.000112,200.629
2024-11-23,275,Headphones,1,330.94,330.94,5,11,4,1.0,1.0,0.0,251.85066,0.99162626,364.03400000000005
2024-08-30,276,Smartwatch,3,566.34,188.78,4,8,3,3.0,3.0,0.0,251.85066,3.001062,207.65800000000002
2024-09-20,279,Pants,2,794.56,397.28,4,9,3,2.0,2.0,0.0,251.85066,1.9976882,437.008
2024-10-07,279,Pillow,5,2282.75,456.55,0,10,4,3.5,3.5,2.0,397.28,4.995649,502.20500000000004
2024-04-17,280,Skirt,3,900.54,300.18,2,4,2,3.0,3.0,0.0,251.85066,3.0062313,330.19800000000004
2024-11-06,280,Yoga Mat,1,401.05,401.05,2,11,4,2.0,2.0,3.0,300.18,0.99491996,441.15500000000003
2024-05-26,281,Headphones,5,600.1,120.02,6,5,2,5.0,5.0,0.0,251.85066,5.0010767,132.02200000000002
2025-01-28,282,Dress,1,467.54,467.54,1,1,1,1.0,1.0,0.0,251.85066,1.0004573,514.2940000000001
2024-05-11,284,Shirt,1,80.65,80.65,5,5,2,1.0,1.0,0.0,251.85066,1.0002811,88.71500000000002
2024-05-20,285,Skirt,4,1057.16,264.29,0,5,2,4.0,4.0,0.0,251.85066,4.0034127,290.71900000000005
2024-09-27,285,Painting,1,481.21,481.21,4,9,3,2.5,2.5,4.0,264.29,0.99877644,529.331
2025-01-23,287,Smartphone,4,344.92,86.23,3,1,1,4.0,4.0,0.0,251.85066,4.00283,94.85300000000001
2025-03-06,287,Tent,2,664.94,332.47,3,3,1,3.0,3.0,4.0,86.23,1.9981611,365.71700000000004
2024-07-01,289,Smartphone,5,1036.4,207.28,0,7,3,5.0,5.0,0.0,251.85066,5.000474,228.008
2025-01-14,290,Skirt,3,383.34,127.78,1,1,1,3.0,3.0,0.0,251.85066,3.0091941,140.55800000000002
2024-08-10,291,Shirt,5,493.8,98.76,5,8,3,5.0,5.0,0.0,251.85066,4.9992986,108.63600000000001
2024-06-13,292,T-shirt,3,1495.32,498.44,3,6,2,3.0,3.0,0.0,251.85066,3.0002098,548.284
2024-09-05,292,Notebook,1,458.02,458.02,3,9,3,2.0,2.0,3.0,498.44,0.999752,503.822
2024-10-12,292,Smartwatch,3,981.9,327.3,5,10,4,2.3333333333333335,2.3333333333333335,1.0,458.02,3.0056555,360.03000000000003
2025-01-25,292,Dress,4,1024.72,256.18,5,1,1,2.75,2.75,3.0,327.3,3.1596308,281.79800000000006
2025-02-06,293,Basketball,2,723.98,361.99,3,2,1,2.0,2.0,0.0,251.85066,2.0009656,398.189
2024-07-25,294,Pillow,4,46.96,11.74,3,7,3,4.0,4.0,0.0,251.85066,3.9999738,12.914000000000001
2024-09-10,294,Pants,1,107.09,107.09,1,9,3,2.5,2.5,4.0,11.74,1.0015898,117.799
2024-07-25,295,T-shirt,5,577.9,115.58,3,7,3,5.0,5.0,0.0,251.85066,5.000124,127.138
2024-12-11,295,Eraser,5,1250.35,250.07,2,12,4,5.0,5.0,5.0,115.58,4.9990864,275.077
2025-02-11,295,Yoga Mat,5,2028.85,405.77,1,2,1,5.0,5.0,5.0,250.07,4.999508,446.34700000000004
2024-07-01,297,Headphones,2,779.62,389.81,0,7,3,2.0,2.0,0.0,251.85066,1.9990829,428.79100000000005
2024-08-18,297,Painting,1,52.33,52.33,6,8,3,1.5,1.5,2.0,389.81,1.0032805,57.563
2024-09-13,297,Shirt,2,548.2,274.1,4,9,3,1.6666666666666667,1.6666666666666667,1.0,52.33,2.0050018,301.51000000000005
2024-08-12,298,Blanket,2,774.1,387.05,0,8,3,2.0,2.0,0.0,251.85066,1.9987416,425.75500000000005
2024-08-12,299,Shirt,2,337.3,168.65,0,8,3,2.0,2.0,0.0,251.85066,2.0055838,185.51500000000001
2024-12-18,299,Smartwatch,2,672.68,336.34,2,12,4,2.0,2.0,2.0,168.65,2.0103362,369.974
2025-02-04,299,Skirt,3,675.3,225.1,1,2,1,2.3333333333333335,2.3333333333333335,2.0,336.34,2.9797754,247.61
2024-10-14,300,Running Shoes,3,799.5,266.5,0,10,4,3.0,3.0,0.0,251.85066,2.908975,293.15000000000003
2024-10-15,300,Soccer Ball,3,1358.6999999999998,452.9,1,10,4,3.0,3.0,3.0,266.5,3.0104504,498.19
2024-03-28,301,Notebook,5,1765.95,353.19,3,3,1,5.0,5.0,0.0,251.85066,4.9957585,388.509
2024-06-09,302,Headphones,4,442.68,110.67,6,6,2,4.0,4.0,0.0,251.85066,4.001627,121.73700000000001
2024-06-12,302,Running Shoes,4,681.72,170.43,2,6,2,4.0,4.0,4.0,110.67,4.0055366,187.473
2025-02-18,305,Novel,2,407.88,203.94,1,2,1,2.0,2.0,0.0,251.85066,1.998773,224.334
2024-06-27,306,Pillow,2,111.26,55.63,3,6,2,2.0,2.0,0.0,251.85066,2.0010457,61.193000000000005
2024-04-03,307,Dress,5,195.9,39.18,2,4,2,5.0,5.0,0.0,251.85066,4.999011,43.098000000000006
2024-11-04,308,Blanket,5,1142.15,228.43,0,11,4,5.0,5.0,0.0,251.85066,4.9984975,251.27300000000002
2024-09-19,309,Carpet,5,1246.9,249.38,3,9,3,5.0,5.0,0.0,251.85066,5.0006557,274.31800000000004
2024-12-31,310,Pen,5,398.3,79.66,1,12,4,5.0,5.0,0.0,251.85066,5.0007377,87.626
2024-06-12,311,Vase,5,1532.2,306.44,2,6,2,5.0,5.0,0.0,251.85066,4.9992795,337.084
2024-08-02,311,Notebook,1,496.5,496.5,4,8,3,3.0,3.0,5.0,306.44,1.7969048,546.1500000000001
2024-12-07,311,Laptop,2,101.04,50.52,5,12,4,2.6666666666666665,2.6666666666666665,1.0,496.5,1.9992051,55.57200000000001
2024-12-15,311,Skirt,5,110.75,22.15,6,12,4,3.25,3.25,2.0,50.52,4.9992285,24.365000000000002
2024-11-27,312,Pants,4,982.6,245.65,2,11,4,4.0,4.0,0.0,251.85066,3.9980872,270.21500000000003
2024-09-21,313,Pen,2,226.48,113.24,5,9,3,2.0,2.0,0.0,251.85066,2.0006032,124.56400000000001
2024-08-05,314,Dress,5,1689.0,337.8,0,8,3,5.0,5.0,0.0,251.85066,4.9981885,371.58000000000004
2024-08-09,314,Pen,5,1730.95,346.19,4,8,3,5.0,5.0,5.0,337.8,4.998837,380.809
2024-05-14,315,Notebook,2,361.34,180.67,1,5,2,2.0,2.0,0.0,251.85066,1.9957128,198.737
2025-03-16,315,Blanket,2,614.24,307.12,6,3,1,2.0,2.0,2.0,180.67,1.9987705,337.83200000000005
2024-05-08,317,Laptop,3,639.48,213.16,2,5,2,3.0,3.0,0.0,251.85066,3.000652,234.47600000000003
2024-10-21,317,Pillow,2,194.9,97.45,0,10,4,2.5,2.5,3.0,213.16,1.9990929,107.19500000000001
2024-07-01,318,Pen,4,197.28,49.32,0,7,3,4.0,4.0,0.0,251.85066,4.0044003,54.252
2024-09-10,318,Vase,1,70.93,70.93,1,9,3,2.5,2.5,4.0,49.32,1.0009387,78.02300000000001
2024-10-06,319,Pants,5,58.650000000000006,11.73,6,10,4,5.0,5.0,0.0,251.85066,5.00213,12.903000000000002
2024-09-12,320,Dress,3,319.98,106.66,3,9,3,3.0,3.0,0.0,251.85066,2.999291,117.32600000000001
2025-01-19,321,Headphones,2,287.76,143.88,6,1,1,2.0,2.0,0.0,251.85066,2.0008123,158.268
2024-06-30,322,Basketball,1,24.0,24.0,6,6,2,1.0,1.0,0.0,251.85066,1.0003445,26.400000000000002
2025-03-12,323,Dress,3,188.43,62.81,2,3,1,3.0,3.0,0.0,251.85066,2.988662,69.09100000000001
2024-07-03,325,Running Shoes,5,1547.7,309.54,2,7,3,5.0,5.0,0.0,251.85066,4.996379,340.494
2025-02-05,325,Dress,4,627.48,156.87,2,2,1,4.5,4.5,5.0,309.54,4.0001497,172.55700000000002
2024-11-29,327,Vase,5,2378.1,475.62,4,11,4,5.0,5.0,0.0,251.85066,4.9994783,523.182
2025-01-23,327,Shirt,2,999.0,499.5,3,1,1,3.5,3.5,5.0,475.62,1.999803,549.45
2024-05-12,329,Notebook,3,681.21,227.07,6,5,2,3.0,3.0,0.0,251.85066,3.00344,249.77700000000002
2024-08-25,329,Eraser,3,1044.93,348.31,6,8,3,3.0,3.0,3.0,227.07,3.0003583,383.141
2025-02-21,329,Vase,3,1031.94,343.98,4,2,1,3.0,3.0,3.0,348.31,3.0194728,378.37800000000004
2025-01-28,331,Shirt,2,905.2,452.6,1,1,1,2.0,2.0,0.0,251.85066,2.0051608,497.86000000000007
2024-08-14,332,Tablet,5,2125.5,425.1,2,8,3,5.0,5.0,0.0,251.85066,4.999746,467.61000000000007
2025-01-30,332,Story Book,2,321.88,160.94,3,1,1,3.5,3.5,5.0,425.1,2.000536,177.03400000000002
2024-07-27,333,Novel,1,124.08,124.08,5,7,3,1.0,1.0,0.0,251.85066,0.99935454,136.488
2024-04-10,334,Soccer Ball,3,1422.96,474.32,2,4,2,3.0,3.0,0.0,251.85066,2.9975915,521.7520000000001
2024-11-06,335,Running Shoes,4,342.32,85.58,2,11,4,4.0,4.0,0.0,251.85066,4.0049863,94.138
2025-02-06,336,Eraser,2,673.78,336.89,3,2,1,2.0,2.0,0.0,251.85066,1.9960291,370.579
2024-08-29,339,Skirt,5,2211.5,442.3,3,8,3,5.0,5.0,0.0,251.85066,5.002224,486.53000000000003
2024-04-11,343,Smartwatch,5,1201.85,240.37,3,4,2,5.0,5.0,0.0,251.85066,4.996843,264.40700000000004
2024-05-26,343,Pants,2,424.5,212.25,6,5,2,3.5,3.5,5.0,240.37,1.9838336,233.47500000000002
2025-02-16,343,Tent,1,415.49,415.49,6,2,1,2.6666666666666665,2.6666666666666665,2.0,212.25,1.0106275,457.03900000000004
2024-11-29,344,Shirt,5,1824.55,364.91,4,11,4,5.0,5.0,0.0,251.85066,5.0005283,401.40100000000007
2025-03-12,344,Yoga Mat,5,1861.95,372.39,2,3,1,5.0,5.0,5.0,364.91,4.9989085,409.629
2025-01-28,346,Blanket,3,476.25,158.75,1,1,1,3.0,3.0,0.0,251.85066,3.0048425,174.625
2024-10-18,347,Dress,2,301.02,150.51,4,10,4,2.0,2.0,0.0,251.85066,2.000289,165.561
2025-01-27,347,Headphones,5,2051.9,410.38,0,1,1,3.5,3.5,2.0,150.51,5.0001783,451.418
2024-08-15,348,Notebook,5,1379.4,275.88,3,8,3,5.0,5.0,0.0,251.85066,4.9999166,303.468
2025-02-15,348,Running Shoes,2,552.78,276.39,5,2,1,3.5,3.5,5.0,275.88,1.7028685,304.029
2024-07-06,349,Story Book,3,1265.5500000000002,421.85,5,7,3,3.0,3.0,0.0,251.85066,2.9965384,464.0350000000001
2024-08-30,349,Story Book,3,1369.89,456.63,4,8,3,3.0,3.0,3.0,421.85,3.004436,502.29300000000006
2025-01-28,349,Pants,3,1051.92,350.64,1,1,1,3.0,3.0,3.0,456.63,3.1979349,385.704
2025-02-09,349,Skirt,3,1427.01,475.67,6,2,1,3.0,3.0,3.0,350.64,3.001319,523.2370000000001
2024-03-29,350,Notebook,2,274.24,137.12,4,3,1,2.0,2.0,0.0,251.85066,1.9963334,150.83200000000002
2025-02-08,351,Carpet,1,247.45,247.45,5,2,1,1.0,1.0,0.0,251.85066,1.0015887,272.195
2025-01-16,352,Shirt,1,424.55,424.55,3,1,1,1.0,1.0,0.0,251.85066,0.9914985,467.00500000000005
2024-03-31,353,Pants,2,545.56,272.78,6,3,1,2.0,2.0,0.0,251.85066,2.0004706,300.058
2024-05-13,354,Pants,4,86.4,21.6,0,5,2,4.0,4.0,0.0,251.85066,4.0042796,23.760000000000005
2024-10-07,354,Laptop,5,1460.4499999999998,292.09,0,10,4,4.5,4.5,4.0,21.6,4.7725363,321.299
2024-06-09,355,Vase,2,299.54,149.77,6,6,2,2.0,2.0,0.0,251.85066,1.9996263,164.747
2024-11-12,355,Carpet,3,797.31,265.77,1,11,4,2.5,2.5,2.0,149.77,2.9946785,292.347
2024-12-11,355,Pants,2,867.66,433.83,2,12,4,2.3333333333333335,2.3333333333333335,3.0,265.77,2.0024295,477.213
2024-12-07,358,Notebook,3,853.4100000000001,284.47,5,12,4,3.0,3.0,0.0,251.85066,3.0023897,312.91700000000003
2024-12-05,359,Tent,5,442.85,88.57,3,12,4,5.0,5.0,0.0,251.85066,5.0007663,97.427
2024-05-25,360,Eraser,3,716.22,238.74,5,5,2,3.0,3.0,0.0,251.85066,3.0022519,262.61400000000003
2024-09-05,360,Tent,2,111.56,55.78,3,9,3,2.5,2.5,3.0,238.74,2.001883,61.358000000000004
2025-02-23,360,T-shirt,3,440.01,146.67,6,2,1,2.6666666666666665,2.6666666666666665,2.0,55.78,2.9367106,161.337
2024-09-23,361,Dress,1,483.14,483.14,0,9,3,1.0,1.0,0.0,251.85066,1.0016072,531.4540000000001
2024-10-01,362,Pants,2,654.44,327.22,1,10,4,2.0,2.0,0.0,251.85066,2.002852,359.94200000000006
2024-12-17,362,Vase,5,1535.2,307.04,1,12,4,3.5,3.5,2.0,327.22,5.0403605,337.744
2024-04-06,363,Dress,5,1395.6,279.12,5,4,2,5.0,5.0,0.0,251.85066,5.000291,307.03200000000004
2024-08-15,363,Novel,3,878.22,292.74,3,8,3,4.0,4.0,5.0,279.12,2.854107,322.014
2024-04-23,364,Eraser,1,195.85,195.85,1,4,2,1.0,1.0,0.0,251.85066,0.9996227,215.435
2025-01-10,366,Eraser,1,79.8,79.8,4,1,1,1.0,1.0,0.0,251.85066,1.0060506,87.78
2024-08-12,368,Vase,3,274.74,91.58,0,8,3,3.0,3.0,0.0,251.85066,2.9985785,100.738
2024-03-29,369,Smartphone,4,1947.36,486.84,4,3,1,4.0,4.0,0.0,251.85066,4.0026865,535.524
2024-10-19,369,Pants,2,686.74,343.37,5,10,4,3.0,3.0,4.0,486.84,1.9910738,377.70700000000005
2024-11-30,369,Running Shoes,4,332.32,83.08,5,11,4,3.3333333333333335,3.3333333333333335,2.0,343.37,4.9056892,91.388
2024-07-02,370,Tent,3,154.59,51.53,1,7,3,3.0,3.0,0.0,251.85066,2.9940963,56.68300000000001
2024-10-10,371,Blanket,4,1904.28,476.07,3,10,4,4.0,4.0,0.0,251.85066,4.002179,523.677
2025-03-03,371,Headphones,2,616.14,308.07,0,3,1,3.0,3.0,4.0,476.07,1.8823118,338.877
2024-04-14,374,Yoga Mat,2,203.4,101.7,6,4,2,2.0,2.0,0.0,251.85066,1.9974654,111.87000000000002
2025-01-14,374,Story Book,3,646.29,215.43,1,1,1,2.5,2.5,2.0,101.7,2.9996922,236.973
2025-03-04,374,Skirt,2,904.4,452.2,1,3,1,2.3333333333333335,2.3333333333333335,3.0,215.43,1.9952581,497.42
2025-03-10,374,Novel,1,239.35,239.35,0,3,1,2.0,2.0,2.0,452.2,1.0032694,263.285
2024-05-28,375,Smartphone,2,91.78,45.89,1,5,2,2.0,2.0,0.0,251.85066,1.9990965,50.479000000000006
2024-09-28,375,Eraser,5,129.35,25.87,5,9,3,3.5,3.5,2.0,45.89,4.8141656,28.457000000000004
2024-11-07,380,Pillow,2,604.98,302.49,3,11,4,2.0,2.0,0.0,251.85066,2.009597,332.73900000000003
2025-01-31,381,Vase,2,452.96,226.48,4,1,1,2.0,2.0,0.0,251.85066,2.0064971,249.12800000000001
2024-06-20,383,Blanket,3,121.32,40.44,3,6,2,3.0,3.0,0.0,251.85066,3.0045671,44.484
2025-03-19,385,Blanket,1,366.27,366.27,2,3,1,1.0,1.0,0.0,251.85066,1.0011148,402.897
2024-07-09,386,Notebook,1,305.82,305.82,1,7,3,1.0,1.0,0.0,251.85066,0.9968666,336.40200000000004
2025-01-10,387,Story Book,2,616.82,308.41,4,1,1,2.0,2.0,0.0,251.85066,1.9974726,339.25100000000003
2024-04-14,388,Pen,4,943.24,235.81,6,4,2,4.0,4.0,0.0,251.85066,3.992665,259.391
2025-01-17,388,Pen,1,78.2,78.2,4,1,1,2.5,2.5,4.0,235.81,1.0021796,86.02000000000001
2024-04-21,389,Eraser,3,1156.11,385.37,6,4,2,3.0,3.0,0.0,251.85066,3.0004752,423.90700000000004
2025-01-29,389,Vase,3,1306.11,435.37,2,1,1,3.0,3.0,3.0,385.37,2.9942858,478.90700000000004
2025-02-24,391,Story Book,5,1124.2,224.84,0,2,1,5.0,5.0,0.0,251.85066,4.9993877,247.324
2024-12-13,393,Headphones,1,112.93,112.93,4,12,4,1.0,1.0,0.0,251.85066,1.0001017,124.22300000000001
2024-07-13,394,Running Shoes,2,687.52,343.76,5,7,3,2.0,2.0,0.0,251.85066,1.9933562,378.136
2025-01-07,394,Pen,4,1977.28,494.32,1,1,1,3.0,3.0,2.0,343.76,3.9934547,543.7520000000001
2024-06-10,395,Novel,3,979.11,326.37,0,6,2,3.0,3.0,0.0,251.85066,2.9988692,359.00700000000006
2024-08-01,395,T-shirt,5,805.25,161.05,3,8,3,4.0,4.0,3.0,326.37,5.0073113,177.15500000000003
2024-12-19,395,Shirt,3,592.98,197.66,3,12,4,3.6666666666666665,3.6666666666666665,5.0,161.05,2.9907207,217.42600000000002
2025-03-14,395,Headphones,1,191.02,191.02,4,3,1,3.0,3.0,3.0,197.66,1.0280547,210.122
2024-06-13,396,Headphones,3,70.35,23.45,3,6,2,3.0,3.0,0.0,251.85066,3.0642793,25.795
2024-07-14,397,Painting,3,754.89,251.63,6,7,3,3.0,3.0,0.0,251.85066,3.001186,276.793
2024-05-03,398,Carpet,5,83.5,16.7,4,5,2,5.0,5.0,0.0,251.85066,5.000965,18.37
2025-01-07,398,Vase,5,365.95,73.19,1,1,1,5.0,5.0,5.0,16.7,4.9996037,80.509
2024-09-08,399,Yoga Mat,3,751.11,250.37,6,9,3,3.0,3.0,0.0,251.85066,2.9946902,275.40700000000004
2024-10-02,399,Smartwatch,3,459.4500000000001,153.15,2,10,4,3.0,3.0,3.0,250.37,2.7872539,168.46500000000003
2024-10-13,400,Running Shoes,4,163.12,40.78,6,10,4,4.0,4.0,0.0,251.85066,4.0042696,44.858000000000004
2025-01-27,400,Pen,1,389.49,389.49,0,1,1,2.5,2.5,4.0,40.78,0.99837756,428.439
2024-05-17,401,Smartwatch,5,1701.6,340.32,4,5,2,5.0,5.0,0.0,251.85066,4.9971876,374.35200000000003
2024-03-30,403,Carpet,4,989.0,247.25,5,3,1,4.0,4.0,0.0,251.85066,3.9848444,271.975
2024-07-15,405,Yoga Mat,2,585.8,292.9,0,7,3,2.0,2.0,0.0,251.85066,1.9955132,322.19
2024-10-14,405,Laptop,2,972.2,486.1,0,10,4,2.0,2.0,2.0,292.9,1.9969345,534.71
2024-12-24,405,Basketball,3,1216.62,405.54,1,12,4,2.3333333333333335,2.3333333333333335,2.0,486.1,2.9979022,446.09400000000005
2024-12-26,405,Pants,4,628.96,157.24,3,12,4,2.75,2.75,3.0,405.54,3.9718986,172.96400000000003
2025-01-29,408,Novel,2,872.4,436.2,2,1,1,2.0,2.0,0.0,251.85066,1.9985965,479.82000000000005
2024-09-26,409,Running Shoes,1,333.66,333.66,3,9,3,1.0,1.0,0.0,251.85066,0.9919226,367.02600000000007
2024-05-30,410,Basketball,5,189.35,37.87,3,5,2,5.0,5.0,0.0,251.85066,4.9990387,41.657000000000004
2024-09-17,410,Laptop,4,886.16,221.54,1,9,3,4.5,4.5,5.0,37.87,3.9123259,243.69400000000002
2024-10-18,411,Carpet,5,1226.9,245.38,4,10,4,5.0,5.0,0.0,251.85066,5.000716,269.918
2025-02-19,411,Laptop,3,275.37,91.79,2,2,1,4.0,4.0,5.0,245.38,3.0980153,100.96900000000001
2025-01-26,413,Soccer Ball,2,867.34,433.67,6,1,1,2.0,2.0,0.0,251.85066,2.0003016,477.03700000000003
2024-11-04,415,Yoga Mat,5,1829.05,365.81,0,11,4,5.0,5.0,0.0,251.85066,4.9995785,402.391
2024-04-03,416,Soccer Ball,2,674.5,337.25,2,4,2,2.0,2.0,0.0,251.85066,2.0007977,370.975
2024-05-31,417,T-shirt,1,181.56,181.56,4,5,2,1.0,1.0,0.0,251.85066,1.0014668,199.716
2024-11-08,417,Pen,5,1639.65,327.93,4,11,4,3.0,3.0,1.0,181.56,3.6607037,360.723
2024-11-16,417,Tablet,1,36.52,36.52,5,11,4,2.3333333333333335,2.3333333333333335,5.0,327.93,1.9856895,40.172000000000004
2025-02-15,418,Carpet,5,1233.4,246.68,5,2,1,5.0,5.0,0.0,251.85066,4.99964,271.348
2024-10-26,420,Smartphone,5,1347.0500000000002,269.41,5,10,4,5.0,5.0,0.0,251.85066,4.998135,296.35100000000006
2025-03-12,423,Eraser,4,1226.64,306.66,2,3,1,4.0,4.0,0.0,251.85066,4.00538,337.3260000000001
2024-10-06,424,Tablet,4,900.36,225.09,6,10,4,4.0,4.0,0.0,251.85066,4.011865,247.59900000000002
2024-12-30,424,Soccer Ball,3,910.44,303.48,0,12,4,3.5,3.5,4.0,225.09,3.0096538,333.82800000000003
2025-01-08,424,Soccer Ball,3,190.77,63.59,2,1,1,3.3333333333333335,3.3333333333333335,3.0,303.48,4.001609,69.94900000000001
2024-09-04,426,Running Shoes,3,696.99,232.33,2,9,3,3.0,3.0,0.0,251.85066,2.994029,255.56300000000005
2024-12-12,426,Tablet,4,1832.32,458.08,3,12,4,3.5,3.5,3.0,232.33,4.000884,503.88800000000003
2024-08-17,427,Pillow,2,703.68,351.84,5,8,3,2.0,2.0,0.0,251.85066,2.0023863,387.024
2024-11-23,427,Tablet,2,455.42,227.71,5,11,4,2.0,2.0,2.0,351.84,1.9969044,250.48100000000002
2024-06-20,428,Pen,1,487.74,487.74,3,6,2,1.0,1.0,0.0,251.85066,1.0044401,536.514
2024-07-15,430,Eraser,1,405.65,405.65,0,7,3,1.0,1.0,0.0,251.85066,0.99766546,446.21500000000003
2024-09-13,431,Pen,2,656.2,328.1,4,9,3,2.0,2.0,0.0,251.85066,2.002531,360.9100000000001
2024-06-29,433,Headphones,4,195.76,48.94,5,6,2,4.0,4.0,0.0,251.85066,4.001245,53.834
2025-03-13,433,Pants,2,739.4,369.7,3,3,1,3.0,3.0,4.0,48.94,2.0016456,406.67
2024-11-20,434,Yoga Mat,1,198.08,198.08,2,11,4,1.0,1.0,0.0,251.85066,1.0002475,217.88800000000003
2024-03-28,435,T-shirt,2,148.92,74.46,3,3,1,2.0,2.0,0.0,251.85066,1.9963307,81.906
2024-04-08,436,Smartwatch,1,478.75,478.75,0,4,2,1.0,1.0,0.0,251.85066,0.99982685,526.625
2025-02-20,436,Yoga Mat,4,454.56,113.64,3,2,1,2.5,2.5,1.0,478.75,4.0004854,125.004
2024-12-07,438,Notebook,5,664.9,132.98,5,12,4,5.0,5.0,0.0,251.85066,4.9997244,146.278
2025-02-26,439,T-shirt,5,2382.65,476.53,2,2,1,5.0,5.0,0.0,251.85066,4.996275,524.183
2024-05-02,440,Tent,4,486.0,121.5,3,5,2,4.0,4.0,0.0,251.85066,4.000866,133.65
2025-03-07,442,Tablet,1,94.6,94.6,4,3,1,1.0,1.0,0.0,251.85066,0.99868906,104.06
2024-08-28,444,Tablet,5,108.6,21.72,2,8,3,5.0,5.0,0.0,251.85066,5.001528,23.892
2024-11-06,445,Smartphone,5,1773.1999999999998,354.64,2,11,4,5.0,5.0,0.0,251.85066,4.99784,390.10400000000004
2025-01-12,447,Painting,1,428.62,428.62,6,1,1,1.0,1.0,0.0,251.85066,0.9990127,471.482
2024-10-14,448,Eraser,5,707.35,141.47,0,10,4,5.0,5.0,0.0,251.85066,4.9984083,155.61700000000002
2024-12-30,448,Pants,5,1437.5,287.5,0,12,4,5.0,5.0,5.0,141.47,5.0004454,316.25
2024-12-07,450,Blanket,4,1158.52,289.63,5,12,4,4.0,4.0,0.0,251.85066,4.001496,318.593
2024-11-13,451,Painting,3,263.16,87.72,2,11,4,3.0,3.0,0.0,251.85066,3.0008943,96.492
2024-11-12,452,Pants,2,797.82,398.91,1,11,4,2.0,2.0,0.0,251.85066,1.9994746,438.80100000000004
2025-02-27,453,Novel,3,1176.78,392.26,3,2,1,3.0,3.0,0.0,251.85066,3.0021124,431.48600000000005
2024-04-26,454,Soccer Ball,3,1004.13,334.71,4,4,2,3.0,3.0,0.0,251.85066,3.0025322,368.181
2024-10-14,455,Smartphone,4,624.84,156.21,0,10,4,4.0,4.0,0.0,251.85066,4.003099,171.83100000000002
2024-10-28,457,Tablet,4,787.96,196.99,0,10,4,4.0,4.0,0.0,251.85066,3.9983,216.68900000000002
2024-05-04,459,Laptop,3,1194.93,398.31,5,5,2,3.0,3.0,0.0,251.85066,3.000756,438.141
2024-09-08,460,Tent,2,300.74,150.37,6,9,3,2.0,2.0,0.0,251.85066,2.0111656,165.407
2024-04-09,461,Blanket,1,38.38,38.38,1,4,2,1.0,1.0,0.0,251.85066,1.0016536,42.218
2024-08-03,463,Vase,4,1978.64,494.66,5,8,3,4.0,4.0,0.0,251.85066,3.999036,544.1260000000001
2024-05-15,464,Skirt,5,1274.0,254.8,2,5,2,5.0,5.0,0.0,251.85066,5.0017138,280.28000000000003
2024-10-25,465,Yoga Mat,2,700.3,350.15,4,10,4,2.0,2.0,0.0,251.85066,2.0045083,385.165
2024-06-06,466,Tent,4,1589.84,397.46,3,6,2,4.0,4.0,0.0,251.85066,3.999969,437.206
2024-07-01,468,Story Book,1,372.43,372.43,0,7,3,1.0,1.0,0.0,251.85066,1.0011894,409.67300000000006
2024-08-12,468,Notebook,3,1225.38,408.46,0,8,3,2.0,2.0,1.0,372.43,3.0042348,449.30600000000004
2025-02-08,470,Smartwatch,4,1726.92,431.73,5,2,1,4.0,4.0,0.0,251.85066,3.9905555,474.9030000000001
2024-05-28,471,Blanket,2,987.9,493.95,1,5,2,2.0,2.0,0.0,251.85066,2.00016,543.345
2024-06-02,471,Smartwatch,2,822.66,411.33,6,6,2,2.0,2.0,2.0,493.95,1.9996153,452.463
2024-08-04,471,Eraser,3,448.83,149.61,6,8,3,2.3333333333333335,2.3333333333333335,2.0,411.33,2.9854357,164.57100000000003
2025-01-14,471,Pants,4,1503.64,375.91,1,1,1,2.75,2.75,3.0,149.61,3.999472,413.50100000000003
2024-05-16,472,Yoga Mat,4,855.04,213.76,3,5,2,4.0,4.0,0.0,251.85066,3.999889,235.136
2024-09-23,476,Smartphone,1,234.56,234.56,0,9,3,1.0,1.0,0.0,251.85066,0.99261546,258.016
2024-10-22,478,Notebook,1,84.68,84.68,1,10,4,1.0,1.0,0.0,251.85066,0.9989979,93.14800000000001
2024-07-12,479,Story Book,3,1359.6,453.2,4,7,3,3.0,3.0,0.0,251.85066,2.9953356,498.52000000000004
2024-09-23,479,Painting,3,774.8399999999999,258.28,0,9,3,3.0,3.0,3.0,453.2,2.9691226,284.108
2025-01-17,479,Carpet,4,1106.92,276.73,4,1,1,3.3333333333333335,3.3333333333333335,3.0,258.28,4.002854,304.403
2025-02-07,480,Notebook,2,706.46,353.23,4,2,1,2.0,2.0,0.0,251.85066,2.0009358,388.55300000000005
2024-08-12,481,Pillow,4,1419.32,354.83,0,8,3,4.0,4.0,0.0,251.85066,4.003822,390.313
2025-01-29,481,Basketball,4,693.4,173.35,2,1,1,4.0,4.0,4.0,354.83,4.148826,190.685
2024-04-25,482,Smartwatch,1,297.2,297.2,3,4,2,1.0,1.0,0.0,251.85066,1.0002179,326.92
2024-08-07,482,Tablet,3,1034.31,344.77,2,8,3,2.0,2.0,1.0,297.2,3.0210466,379.247
2024-11-26,482,Eraser,4,485.16,121.29,1,11,4,2.6666666666666665,2.6666666666666665,3.0,344.77,3.7121778,133.419
2024-04-14,484,Vase,3,1180.53,393.51,6,4,2,3.0,3.0,0.0,251.85066,2.9989715,432.86100000000005
2025-02-07,484,Notebook,1,53.18,53.18,4,2,1,2.0,2.0,3.0,393.51,0.99888414,58.498000000000005
2024-07-18,485,Novel,1,489.21,489.21,3,7,3,1.0,1.0,0.0,251.85066,0.998568,538.131
2024-04-19,486,Blanket,4,603.08,150.77,4,4,2,4.0,4.0,0.0,251.85066,3.997269,165.84700000000004
2024-12-10,486,Carpet,3,1422.51,474.17,1,12,4,3.5,3.5,4.0,150.77,3.009973,521.5870000000001
2025-03-13,486,Yoga Mat,4,1727.64,431.91,3,3,1,3.6666666666666665,3.6666666666666665,3.0,474.17,4.0025597,475.10100000000006
2024-07-03,489,Running Shoes,1,236.22,236.22,2,7,3,1.0,1.0,0.0,251.85066,0.9961572,259.84200000000004
2025-01-17,489,Pants,3,515.8499999999999,171.95,4,1,1,2.0,2.0,1.0,236.22,2.9965343,189.145
2024-04-01,490,Tent,5,1859.2,371.84,0,4,2,5.0,5.0,0.0,251.85066,5.000342,409.024
2024-05-14,490,Soccer Ball,2,358.26,179.13,1,5,2,3.5,3.5,5.0,371.84,1.9994233,197.043
2024-06-04,491,Eraser,3,1128.84,376.28,1,6,2,3.0,3.0,0.0,251.85066,2.9982202,413.908
2024-06-26,491,Running Shoes,5,670.6,134.12,2,6,2,4.0,4.0,3.0,376.28,4.994241,147.532
2024-03-26,493,Blanket,3,88.56,29.52,1,3,1,3.0,3.0,0.0,251.85066,3.0586746,32.472
2024-03-20,497,Smartwatch,3,1445.85,481.95,2,3,1,3.0,3.0,0.0,251.85066,2.9947402,530.145
2024-07-10,499,Carpet,3,682.17,227.39,2,7,3,3.0,3.0,0.0,251.85066,3.0047417,250.12900000000002
2024-08-13,499,Soccer Ball,4,1939.24,484.81,1,8,3,3.5,3.5,3.0,227.39,4.000916,533.291
2024-05-03,500,T-shirt,1,149.72,149.72,4,5,2,1.0,1.0,0.0,251.85066,1.0011576,164.692
2024-11-20,500,Vase,1,187.51,187.51,2,11,4,1.0,1.0,1.0,149.72,1.0053322,206.261
2025-03-05,501,Basketball,3,1369.14,456.38,2,3,1,3.0,3.0,0.0,251.85066,2.9846237,502.01800000000003
2024-03-28,502,Soccer Ball,1,306.5,306.5,3,3,1,1.0,1.0,0.0,251.85066,1.0003768,337.15000000000003
2025-03-09,502,Smartwatch,5,1851.2,370.24,6,3,1,3.0,3.0,1.0,306.5,4.9861984,407.26400000000007
2024-11-19,503,Running Shoes,5,334.79999999999995,66.96,1,11,4,5.0,5.0,0.0,251.85066,4.9992976,73.656
2025-01-04,504,Vase,2,480.28,240.14,5,1,1,2.0,2.0,0.0,251.85066,2.0042324,264.154
2024-11-18,505,Soccer Ball,4,888.4,222.1,0,11,4,4.0,4.0,0.0,251.85066,4.0027914,244.31
2024-06-24,506,Smartphone,5,1826.65,365.33,0,6,2,5.0,5.0,0.0,251.85066,4.9987926,401.863
2024-09-12,506,T-shirt,3,217.98,72.66,3,9,3,4.0,4.0,5.0,365.33,3.0003705,79.926
2024-09-24,507,Skirt,4,1023.56,255.89,1,9,3,4.0,4.0,0.0,251.85066,4.0000696,281.479
2024-08-18,508,Headphones,1,194.81,194.81,6,8,3,1.0,1.0,0.0,251.85066,1.0010316,214.29100000000003
2024-08-19,508,Shirt,4,1994.64,498.66,0,8,3,2.5,2.5,1.0,194.81,3.998501,548.5260000000001
2024-07-20,509,Dress,3,166.74,55.58,5,7,3,3.0,3.0,0.0,251.85066,3.000847,61.138000000000005
2024-10-25,509,Headphones,3,1477.0500000000002,492.35,4,10,4,3.0,3.0,3.0,55.58,3.000664,541.585
2024-09-12,510,Story Book,5,2138.65,427.73,3,9,3,5.0,5.0,0.0,251.85066,5.0006795,470.50300000000004
2025-01-22,510,Shirt,2,691.78,345.89,2,1,1,3.5,3.5,5.0,427.73,2.0081701,380.47900000000004
2025-02-14,511,Story Book,2,424.96,212.48,4,2,1,2.0,2.0,0.0,251.85066,2.0028877,233.728
2025-02-27,511,Smartphone,3,1126.77,375.59,3,2,1,2.5,2.5,2.0,212.48,2.98314,413.149
2025-02-27,511,Smartwatch,2,579.8,289.9,3,2,1,2.3333333333333335,2.3333333333333335,3.0,375.59,2.0045867,318.89
2024-07-24,512,Headphones,3,938.61,312.87,2,7,3,3.0,3.0,0.0,251.85066,3.0040963,344.15700000000004
2024-09-14,513,Yoga Mat,5,1062.1,212.42,5,9,3,5.0,5.0,0.0,251.85066,4.9995217,233.662
2024-09-16,517,Basketball,3,931.17,310.39,0,9,3,3.0,3.0,0.0,251.85066,2.9978716,341.42900000000003
2025-01-11,517,Headphones,2,216.68,108.34,5,1,1,2.5,2.5,3.0,310.39,2.0010157,119.174
2025-01-26,517,Pen,2,764.3,382.15,6,1,1,2.3333333333333335,2.3333333333333335,2.0,108.34,2.0001647,420.365
2025-03-11,519,Basketball,1,292.66,292.66,1,3,1,1.0,1.0,0.0,251.85066,1.0076617,321.92600000000004
2024-08-12,520,Laptop,4,1851.28,462.82,0,8,3,4.0,4.0,0.0,251.85066,4.002134,509.10200000000003
2024-06-06,521,Running Shoes,5,2031.3,406.26,3,6,2,5.0,5.0,0.0,251.85066,5.0008507,446.886
2024-10-23,522,Dress,2,409.92,204.96,2,10,4,2.0,2.0,0.0,251.85066,2.0012648,225.45600000000002
2024-12-08,522,Dress,3,488.49,162.83,6,12,4,2.5,2.5,2.0,204.96,2.992863,179.11300000000003
2024-12-30,522,Smartwatch,3,858.03,286.01,0,12,4,2.6666666666666665,2.6666666666666665,3.0,162.83,3.304425,314.611
2024-06-11,524,Running Shoes,1,394.31,394.31,1,6,2,1.0,1.0,0.0,251.85066,1.0009224,433.74100000000004
2024-08-15,525,Running Shoes,1,100.18,100.18,3,8,3,1.0,1.0,0.0,251.85066,0.99870723,110.19800000000002
2024-05-21,526,Pillow,5,611.15,122.23,1,5,2,5.0,5.0,0.0,251.85066,4.9997396,134.453
2024-10-21,526,Painting,2,39.44,19.72,0,10,4,3.5,3.5,5.0,122.23,1.9993733,21.692
2024-05-12,529,Notebook,5,764.05,152.81,6,5,2,5.0,5.0,0.0,251.85066,4.9993877,168.091
2024-11-11,529,Smartphone,5,1701.55,340.31,0,11,4,5.0,5.0,5.0,152.81,5.0028467,374.341
2024-05-27,530,Soccer Ball,5,1143.8,228.76,0,5,2,5.0,5.0,0.0,251.85066,5.002813,251.63600000000002
2024-08-18,531,Soccer Ball,3,1432.5,477.5,6,8,3,3.0,3.0,0.0,251.85066,2.990099,525.25
2024-08-24,532,Smartwatch,5,1330.2,266.04,5,8,3,5.0,5.0,0.0,251.85066,4.9989347,292.64400000000006
2024-10-07,533,Smartwatch,1,142.29,142.29,0,10,4,1.0,1.0,0.0,251.85066,0.9994062,156.519
2024-11-10,533,Yoga Mat,3,86.25,28.75,6,11,4,2.0,2.0,1.0,142.29,2.9995227,31.625000000000004
2025-02-24,533,Smartwatch,1,475.07,475.07,0,2,1,1.6666666666666667,1.6666666666666667,3.0,28.75,0.99917907,522.577
2024-06-01,535,Tent,2,482.66,241.33,5,6,2,2.0,2.0,0.0,251.85066,2.0024076,265.463
2024-06-06,535,Smartphone,2,381.36,190.68,3,6,2,2.0,2.0,2.0,241.33,1.97516,209.74800000000002
2024-09-02,536,Laptop,5,436.35,87.27,0,9,3,5.0,5.0,0.0,251.85066,4.9996324,95.997
2024-04-26,537,Novel,4,1503.92,375.98,4,4,2,4.0,4.0,0.0,251.85066,3.995666,413.57800000000003
2024-08-24,538,Pillow,4,790.04,197.51,5,8,3,4.0,4.0,0.0,251.85066,3.999265,217.261
2025-03-03,538,Eraser,3,798.4499999999999,266.15,0,3,1,3.5,3.5,4.0,197.51,2.9965644,292.765
2025-01-21,539,Tent,3,297.48,99.16,1,1,1,3.0,3.0,0.0,251.85066,2.9989145,109.07600000000001
2024-06-10,542,Smartwatch,5,1876.35,375.27,0,6,2,5.0,5.0,0.0,251.85066,5.002065,412.797
2024-06-25,543,Headphones,2,425.54,212.77,1,6,2,2.0,2.0,0.0,251.85066,1.997337,234.04700000000003
2024-07-03,543,Pen,1,282.92,282.92,2,7,3,1.5,1.5,2.0,212.77,0.99962765,311.21200000000005
2025-01-28,543,Carpet,5,1778.25,355.65,1,1,1,2.6666666666666665,2.6666666666666665,1.0,282.92,4.989676,391.21500000000003
2024-12-03,544,Laptop,3,1372.32,457.44,1,12,4,3.0,3.0,0.0,251.85066,3.0018194,503.184
2025-02-04,544,T-shirt,3,239.88,79.96,1,2,1,3.0,3.0,3.0,457.44,2.9986784,87.956
2024-04-12,545,Blanket,4,765.56,191.39,4,4,2,4.0,4.0,0.0,251.85066,3.999836,210.529
2024-09-04,545,Running Shoes,2,215.68,107.84,2,9,3,3.0,3.0,4.0,191.39,1.984827,118.62400000000001
2024-12-02,547,Notebook,5,1988.15,397.63,0,12,4,5.0,5.0,0.0,251.85066,5.0018144,437.39300000000003
2024-12-17,549,Pillow,3,1287.33,429.11,1,12,4,3.0,3.0,0.0,251.85066,3.008744,472.0210000000001
2025-01-31,549,Smartwatch,2,642.28,321.14,4,1,1,2.5,2.5,3.0,429.11,1.9980679,353.254
2025-03-02,550,Vase,1,99.84,99.84,6,3,1,1.0,1.0,0.0,251.85066,1.0010091,109.82400000000001
2024-09-21,551,Eraser,5,2131.85,426.37,5,9,3,5.0,5.0,0.0,251.85066,4.9991736,469.00700000000006
2024-10-12,551,Pants,3,1080.96,360.32,5,10,4,4.0,4.0,5.0,426.37,2.9977956,396.35200000000003
2024-07-29,554,Eraser,1,299.39,299.39,0,7,3,1.0,1.0,0.0,251.85066,0.99828225,329.329
2024-10-26,554,Tablet,3,963.21,321.07,5,10,4,2.0,2.0,1.0,299.39,3.009235,353.177
2025-01-03,554,Tablet,4,239.72,59.93,4,1,1,2.6666666666666665,2.6666666666666665,3.0,321.07,3.9988296,65.923
2024-06-07,555,Novel,3,1040.46,346.82,4,6,2,3.0,3.0,0.0,251.85066,3.0062525,381.502
2024-07-11,555,Tent,4,1247.44,311.86,3,7,3,3.5,3.5,3.0,346.82,3.9966514,343.04600000000005
2024-05-29,556,Tent,3,1136.01,378.67,2,5,2,3.0,3.0,0.0,251.85066,3.0065322,416.53700000000003
2024-07-17,557,Shirt,1,146.28,146.28,2,7,3,1.0,1.0,0.0,251.85066,0.9996797,160.90800000000002
2024-08-22,557,Pillow,3,348.39,116.13,3,8,3,2.0,2.0,1.0,146.28,2.996641,127.74300000000001
2024-08-15,558,Headphones,1,51.1,51.1,3,8,3,1.0,1.0,0.0,251.85066,0.9981343,56.21000000000001
2024-05-09,560,Tent,1,294.45,294.45,3,5,2,1.0,1.0,0.0,251.85066,1.0002179,323.89500000000004
2024-07-03,560,Tablet,4,1693.8,423.45,2,7,3,2.5,2.5,1.0,294.45,4.0054727,465.795
2024-12-23,560,Notebook,5,624.55,124.91,0,12,4,3.3333333333333335,3.3333333333333335,4.0,423.45,4.98615,137.401
2025-02-24,560,Smartphone,3,235.83,78.61,0,2,1,3.25,3.25,5.0,124.91,2.9991078,86.471
2024-07-01,563,Skirt,2,967.92,483.96,0,7,3,2.0,2.0,0.0,251.85066,2.0126421,532.356
2024-07-25,563,Pen,3,1413.96,471.32,3,7,3,2.5,2.5,2.0,483.96,2.9839568,518.452
2024-11-13,563,Pillow,2,585.8,292.9,2,11,4,2.3333333333333335,2.3333333333333335,3.0,471.32,1.9765141,322.19
2024-06-16,564,Smartphone,4,1142.88,285.72,6,6,2,4.0,4.0,0.0,251.85066,3.9994938,314.29200000000003
2025-03-01,567,T-shirt,1,98.87,98.87,5,3,1,1.0,1.0,0.0,251.85066,0.99968857,108.75700000000002
2024-04-04,568,Soccer Ball,2,989.62,494.81,3,4,2,2.0,2.0,0.0,251.85066,1.9995741,544.291
2024-07-16,568,Smartwatch,1,393.9,393.9,1,7,3,1.5,1.5,2.0,494.81,0.99819136,433.29
2024-08-23,568,Painting,1,268.26,268.26,4,8,3,1.3333333333333333,1.3333333333333333,1.0,393.9,1.0103761,295.086
2025-03-18,568,Dress,1,354.32,354.32,1,3,1,1.25,1.25,1.0,268.26,1.1118778,389.752
2024-03-27,569,Vase,4,679.32,169.83,2,3,1,4.0,4.0,0.0,251.85066,4.0024033,186.81300000000002
2024-07-11,569,Pen,1,390.35,390.35,3,7,3,2.5,2.5,4.0,169.83,1.0075305,429.38500000000005
2025-02-21,572,Vase,3,1185.12,395.04,4,2,1,3.0,3.0,0.0,251.85066,3.0045388,434.54400000000004
2024-04-25,573,Running Shoes,5,429.25,85.85,3,4,2,5.0,5.0,0.0,251.85066,4.9985323,94.435
2024-09-07,574,Dress,4,864.12,216.03,5,9,3,4.0,4.0,0.0,251.85066,3.999012,237.633
2024-04-01,575,Dress,4,1603.76,400.94,0,4,2,4.0,4.0,0.0,251.85066,3.9994853,441.03400000000005
2024-06-26,575,Eraser,2,55.18,27.59,2,6,2,3.0,3.0,4.0,400.94,1.9916344,30.349000000000004
2024-08-25,575,Painting,5,778.65,155.73,6,8,3,3.6666666666666665,3.6666666666666665,2.0,27.59,4.771746,171.303
2024-05-13,576,Blanket,3,592.59,197.53,0,5,2,3.0,3.0,0.0,251.85066,2.9957929,217.28300000000002
2024-09-09,576,Laptop,1,366.61,366.61,0,9,3,2.0,2.0,3.0,197.53,1.0011098,403.2710000000001
2024-11-18,576,Story Book,4,1773.72,443.43,0,11,4,2.6666666666666665,2.6666666666666665,1.0,366.61,3.998835,487.773
2024-11-14,577,Yoga Mat,3,448.47,149.49,3,11,4,3.0,3.0,0.0,251.85066,2.999984,164.43900000000002
2024-10-30,579,Soccer Ball,4,583.44,145.86,2,10,4,4.0,4.0,0.0,251.85066,3.9980092,160.44600000000003
2024-04-30,580,Pen,2,757.78,378.89,1,4,2,2.0,2.0,0.0,251.85066,2.0102355,416.779
2024-06-25,582,Smartphone,2,579.94,289.97,1,6,2,2.0,2.0,0.0,251.85066,2.051524,318.96700000000004
2024-12-15,585,Shirt,1,499.23,499.23,6,12,4,1.0,1.0,0.0,251.85066,1.0005616,549.153
2024-11-01,586,Notebook,2,790.02,395.01,4,11,4,2.0,2.0,0.0,251.85066,1.9988297,434.511
2024-09-05,588,Laptop,4,1056.6,264.15,3,9,3,4.0,4.0,0.0,251.85066,4.005143,290.565
2025-01-18,589,Painting,2,463.7,231.85,5,1,1,2.0,2.0,0.0,251.85066,1.9957637,255.03500000000003
2025-01-03,591,T-shirt,3,619.14,206.38,4,1,1,3.0,3.0,0.0,251.85066,3.019631,227.018
2024-04-11,592,Basketball,1,340.27,340.27,3,4,2,1.0,1.0,0.0,251.85066,0.99766624,374.297
2024-09-22,595,Smartphone,2,354.98,177.49,6,9,3,2.0,2.0,0.0,251.85066,2.0127363,195.23900000000003
2024-07-24,596,Pillow,3,597.9300000000001,199.31,2,7,3,3.0,3.0,0.0,251.85066,3.000323,219.241
2024-09-28,597,Tablet,3,1337.46,445.82,5,9,3,3.0,3.0,0.0,251.85066,2.9908795,490.40200000000004
2024-03-27,598,Painting,4,1896.16,474.04,2,3,1,4.0,4.0,0.0,251.85066,4.0086894,521.4440000000001
2024-07-03,600,Pants,3,451.26,150.42,2,7,3,3.0,3.0,0.0,251.85066,2.9992049,165.462
2024-06-07,602,T-shirt,4,1335.68,333.92,4,6,2,4.0,4.0,0.0,251.85066,4.0011616,367.31200000000007
2024-10-07,603,Basketball,4,1266.96,316.74,0,10,4,4.0,4.0,0.0,251.85066,4.001391,348.41400000000004
2024-05-21,604,Skirt,4,1953.96,488.49,1,5,2,4.0,4.0,0.0,251.85066,3.9977667,537.339
2024-05-17,606,Notebook,4,1347.0,336.75,4,5,2,4.0,4.0,0.0,251.85066,4.0011616,370.425
2024-05-18,606,Blanket,5,715.6999999999999,143.14,5,5,2,4.5,4.5,4.0,336.75,5.002717,157.454
2024-08-25,606,Running Shoes,1,134.35,134.35,6,8,3,3.3333333333333335,3.3333333333333335,5.0,143.14,1.0165073,147.785
2024-09-08,608,Yoga Mat,1,439.96,439.96,6,9,3,1.0,1.0,0.0,251.85066,0.9996483,483.956
2024-08-17,610,Carpet,5,1064.25,212.85,5,8,3,5.0,5.0,0.0,251.85066,4.999707,234.13500000000002
2025-01-13,611,Skirt,1,124.01,124.01,0,1,1,1.0,1.0,0.0,251.85066,1.0008954,136.41100000000003
2025-02-07,613,T-shirt,4,1406.48,351.62,4,2,1,4.0,4.0,0.0,251.85066,3.99212,386.78200000000004
2024-05-15,614,Eraser,4,294.36,73.59,2,5,2,4.0,4.0,0.0,251.85066,4.0005965,80.94900000000001
2024-06-24,614,Blanket,1,404.83,404.83,0,6,2,2.5,2.5,4.0,73.59,0.9973795,445.31300000000005
2024-12-13,614,Laptop,5,724.75,144.95,4,12,4,3.3333333333333335,3.3333333333333335,1.0,404.83,5.022325,159.445
2024-09-24,615,Soccer Ball,2,172.3,86.15,1,9,3,2.0,2.0,0.0,251.85066,2.0010643,94.76500000000001
2024-11-11,615,Soccer Ball,4,1363.4,340.85,0,11,4,3.0,3.0,2.0,86.15,3.9919817,374.93500000000006
2024-10-03,618,Painting,3,1240.56,413.52,3,10,4,3.0,3.0,0.0,251.85066,2.999433,454.872
2024-04-27,619,Pen,3,1102.53,367.51,5,4,2,3.0,3.0,0.0,251.85066,3.0019565,404.261
2024-05-14,620,Tablet,2,911.2,455.6,1,5,2,2.0,2.0,0.0,251.85066,2.0036201,501.1600000000001
2024-12-05,620,T-shirt,3,436.08,145.36,3,12,4,2.5,2.5,2.0,455.6,3.0006244,159.89600000000002
2025-03-14,621,Running Shoes,2,69.22,34.61,4,3,1,2.0,2.0,0.0,251.85066,2.004018,38.071000000000005
2024-05-04,622,Novel,3,225.06,75.02,5,5,2,3.0,3.0,0.0,251.85066,2.9978669,82.522
2025-02-15,622,Headphones,4,1302.92,325.73,5,2,1,3.5,3.5,3.0,75.02,4.0093665,358.30300000000005
2024-06-27,624,Painting,1,218.74,218.74,3,6,2,1.0,1.0,0.0,251.85066,1.0061105,240.61400000000003
2024-06-29,624,Dress,4,480.28,120.07,5,6,2,2.5,2.5,1.0,218.74,3.7276003,132.077
2024-07-18,624,Laptop,5,1288.65,257.73,3,7,3,3.3333333333333335,3.3333333333333335,4.0,120.07,4.9885836,283.50300000000004
2024-12-15,625,Headphones,4,1710.6,427.65,6,12,4,4.0,4.0,0.0,251.85066,3.99595,470.415
2024-09-20,626,Blanket,2,427.94,213.97,4,9,3,2.0,2.0,0.0,251.85066,2.003887,235.36700000000002
2025-02-20,626,Eraser,2,234.18,117.09,3,2,1,2.0,2.0,2.0,213.97,2.0045388,128.799
2024-05-30,627,Notebook,5,1810.55,362.11,3,5,2,5.0,5.0,0.0,251.85066,4.9903774,398.321
2024-07-28,628,Story Book,3,1263.39,421.13,6,7,3,3.0,3.0,0.0,251.85066,2.9995382,463.24300000000005
2024-12-03,628,Pants,1,71.83,71.83,1,12,4,2.0,2.0,3.0,421.13,1.0013953,79.013
2024-05-27,629,Dress,2,689.72,344.86,0,5,2,2.0,2.0,0.0,251.85066,1.9930885,379.34600000000006
2024-12-25,629,Blanket,5,1609.7,321.94,2,12,4,3.5,3.5,2.0,344.86,5.007214,354.134
2024-07-02,631,Yoga Mat,2,805.12,402.56,1,7,3,2.0,2.0,0.0,251.85066,2.0060413,442.81600000000003
2024-12-30,631,Story Book,1,309.55,309.55,0,12,4,1.5,1.5,2.0,402.56,1.0329895,340.50500000000005
2024-08-11,632,Pants,1,332.78,332.78,6,8,3,1.0,1.0,0.0,251.85066,0.99261045,366.058
2025-02-04,632,Yoga Mat,1,315.09,315.09,1,2,1,1.0,1.0,1.0,332.78,1.0008227,346.599
2024-06-19,633,Headphones,4,1091.68,272.92,2,6,2,4.0,4.0,0.0,251.85066,4.002855,300.21200000000005
2024-06-20,633,Shirt,1,118.31,118.31,3,6,2,2.5,2.5,4.0,272.92,1.0664302,130.14100000000002
2024-06-29,634,Eraser,4,1146.2,286.55,5,6,2,4.0,4.0,0.0,251.85066,3.9996388,315.20500000000004
2025-01-07,635,Carpet,1,235.88,235.88,1,1,1,1.0,1.0,0.0,251.85066,0.99438393,259.468
2025-01-07,635,Painting,4,1295.56,323.89,1,1,1,2.5,2.5,1.0,235.88,4.0047483,356.279
2024-09-14,636,Yoga Mat,2,699.08,349.54,5,9,3,2.0,2.0,0.0,251.85066,2.0036378,384.494
2024-10-28,636,T-shirt,2,230.16,115.08,0,10,4,2.0,2.0,2.0,349.54,2.1090562,126.58800000000001
2024-11-17,638,Soccer Ball,4,1689.92,422.48,6,11,4,4.0,4.0,0.0,251.85066,4.003765,464.72800000000007
2024-08-30,639,Notebook,1,399.18,399.18,4,8,3,1.0,1.0,0.0,251.85066,1.001545,439.09800000000007
2024-12-22,639,Smartwatch,3,556.6800000000001,185.56,6,12,4,2.0,2.0,1.0,399.18,2.992172,204.116
2024-10-09,640,Pillow,5,715.15,143.03,2,10,4,5.0,5.0,0.0,251.85066,4.9986715,157.33300000000003
2024-12-23,642,T-shirt,5,1838.25,367.65,0,12,4,5.0,5.0,0.0,251.85066,5.0005426,404.415
2024-05-03,643,Smartphone,5,1319.35,263.87,4,5,2,5.0,5.0,0.0,251.85066,4.998663,290.257
2024-08-21,643,Yoga Mat,5,1172.2,234.44,2,8,3,5.0,5.0,5.0,263.87,4.997809,257.884
2024-08-27,643,Smartphone,5,1042.95,208.59,1,8,3,5.0,5.0,5.0,234.44,5.0000687,229.449
2024-10-09,644,Blanket,2,315.12,157.56,2,10,4,2.0,2.0,0.0,251.85066,1.999651,173.316
2024-05-29,645,Dress,2,344.44,172.22,2,5,2,2.0,2.0,0.0,251.85066,1.9959521,189.442
2024-08-23,645,Eraser,2,459.14,229.57,4,8,3,2.0,2.0,2.0,172.22,1.9994769,252.52700000000002
2024-03-20,646,Pants,1,135.56,135.56,2,3,1,1.0,1.0,0.0,251.85066,1.0010018,149.116
2024-10-21,648,Dress,4,1186.0,296.5,0,10,4,4.0,4.0,0.0,251.85066,4.0052333,326.15000000000003
2025-02-21,648,Blanket,1,202.55,202.55,4,2,1,2.5,2.5,4.0,296.5,1.004769,222.80500000000004
2024-03-31,649,Blanket,2,262.44,131.22,6,3,1,2.0,2.0,0.0,251.85066,1.9980117,144.342
2024-04-22,649,Eraser,3,1067.34,355.78,0,4,2,2.5,2.5,2.0,131.22,3.0037417,391.358
2024-07-01,650,Smartwatch,1,35.52,35.52,0,7,3,1.0,1.0,0.0,251.85066,1.0059172,39.07200000000001
2025-02-21,650,Smartphone,3,261.69,87.23,4,2,1,2.0,2.0,1.0,35.52,3.000773,95.95300000000002
2024-05-10,651,Pants,5,429.6,85.92,4,5,2,5.0,5.0,0.0,251.85066,4.9999847,94.51200000000001
2024-12-24,651,Vase,4,247.64,61.91,1,12,4,4.5,4.5,5.0,85.92,4.0019727,68.101
2024-07-28,653,Headphones,2,919.54,459.77,6,7,3,2.0,2.0,0.0,251.85066,2.00047,505.747
2024-09-01,653,Tablet,1,183.61,183.61,6,9,3,1.5,1.5,2.0,459.77,1.0199637,201.97100000000003
2025-01-23,653,Eraser,2,947.14,473.57,3,1,1,1.6666666666666667,1.6666666666666667,1.0,183.61,2.001973,520.927
2025-01-22,656,T-shirt,4,905.8,226.45,2,1,1,4.0,4.0,0.0,251.85066,3.999376,249.095
2024-05-11,657,Notebook,4,1798.2,449.55,5,5,2,4.0,4.0,0.0,251.85066,4.0009055,494.50500000000005
2025-01-17,658,Laptop,2,86.06,43.03,4,1,1,2.0,2.0,0.0,251.85066,2.000301,47.333000000000006
2024-04-05,660,Smartwatch,3,1086.6,362.2,4,4,2,3.0,3.0,0.0,251.85066,3.005766,398.42
2024-05-30,660,Dress,4,266.24,66.56,3,5,2,3.5,3.5,3.0,362.2,3.9980252,73.21600000000001
2024-10-14,661,Running Shoes,1,297.8,297.8,0,10,4,1.0,1.0,0.0,251.85066,0.9997824,327.58000000000004
2024-03-28,663,Yoga Mat,4,1147.28,286.82,3,3,1,4.0,4.0,0.0,251.85066,4.0028324,315.502
2024-06-29,663,Notebook,3,300.45000000000005,100.15,5,6,2,3.5,3.5,4.0,286.82,3.173487,110.16500000000002
2024-06-01,664,Pillow,5,1542.1,308.42,5,6,2,5.0,5.0,0.0,251.85066,4.9954867,339.26200000000006
2024-07-14,665,Painting,3,449.55,149.85,6,7,3,3.0,3.0,0.0,251.85066,2.997574,164.835
2024-08-18,665,Skirt,5,2351.0,470.2,6,8,3,4.0,4.0,3.0,149.85,4.990093,517.22
2024-12-11,665,Pillow,3,1431.51,477.17,2,12,4,3.6666666666666665,3.6666666666666665,5.0,470.2,3.0007908,524.8870000000001
2024-11-11,667,Vase,4,1912.68,478.17,0,11,4,4.0,4.0,0.0,251.85066,4.000695,525.9870000000001
2024-11-24,667,Running Shoes,3,350.22,116.74,6,11,4,3.5,3.5,4.0,478.17,3.0060165,128.41400000000002
2024-05-04,669,Basketball,1,482.29,482.29,5,5,2,1.0,1.0,0.0,251.85066,0.99925596,530.5190000000001
2024-07-06,669,Smartphone,5,62.3,12.46,5,7,3,3.0,3.0,1.0,482.29,4.558787,13.706000000000001
2025-02-02,671,Notebook,1,281.72,281.72,6,2,1,1.0,1.0,0.0,251.85066,0.99278516,309.89200000000005
2024-06-24,672,Tablet,3,887.01,295.67,0,6,2,3.0,3.0,0.0,251.85066,3.002078,325.237
2024-06-29,673,Basketball,2,587.34,293.67,5,6,2,2.0,2.0,0.0,251.85066,2.001221,323.03700000000003
2024-04-30,674,Eraser,3,936.51,312.17,1,4,2,3.0,3.0,0.0,251.85066,2.9949117,343.38700000000006
2025-03-05,674,Basketball,2,191.98,95.99,2,3,1,2.5,2.5,3.0,312.17,2.0050807,105.589
2024-06-15,675,Yoga Mat,3,1005.18,335.06,5,6,2,3.0,3.0,0.0,251.85066,3.0012796,368.56600000000003
2024-08-30,675,Painting,5,877.5,175.5,4,8,3,4.0,4.0,3.0,335.06,5.0189223,193.05
2025-01-17,675,Blanket,5,317.6,63.52,4,1,1,4.333333333333333,4.333333333333333,5.0,175.5,4.998067,69.87200000000001
2024-05-22,676,Painting,5,1777.0,355.4,2,5,2,5.0,5.0,0.0,251.85066,4.9894104,390.94
2024-05-26,677,Tent,1,409.85,409.85,6,5,2,1.0,1.0,0.0,251.85066,1.0014378,450.83500000000004
2024-07-26,677,Smartphone,4,1675.52,418.88,4,7,3,2.5,2.5,1.0,409.85,3.9927208,460.76800000000003
2025-01-14,678,Smartphone,2,368.4,184.2,1,1,1,2.0,2.0,0.0,251.85066,1.9977773,202.62
2024-06-11,680,Basketball,4,948.6,237.15,1,6,2,4.0,4.0,0.0,251.85066,3.9933152,260.865
2024-07-05,681,Notebook,1,232.24,232.24,4,7,3,1.0,1.0,0.0,251.85066,0.99682045,255.46400000000003
2024-12-21,681,Yoga Mat,2,137.02,68.51,5,12,4,1.5,1.5,1.0,232.24,2.0044906,75.36100000000002
2025-03-08,681,Skirt,1,461.0,461.0,5,3,1,1.3333333333333333,1.3333333333333333,2.0,68.51,0.9995044,507.1
2024-06-01,682,Soccer Ball,5,1496.6999999999998,299.34,5,6,2,5.0,5.0,0.0,251.85066,4.9982424,329.274
2024-11-16,682,Novel,1,240.56,240.56,5,11,4,3.0,3.0,5.0,299.34,0.9999298,264.61600000000004
2024-12-04,683,Painting,1,404.07,404.07,2,12,4,1.0,1.0,0.0,251.85066,1.0276773,444.47700000000003
2024-04-21,684,Story Book,1,107.79,107.79,6,4,2,1.0,1.0,0.0,251.85066,1.000342,118.56900000000002
2025-02-04,684,Tent,5,115.0,23.0,1,2,1,3.0,3.0,1.0,107.79,4.9963126,25.3
2024-04-26,685,Notebook,1,410.45,410.45,4,4,2,1.0,1.0,0.0,251.85066,1.0029428,451.495
2025-02-07,685,Eraser,1,151.94,151.94,4,2,1,1.0,1.0,1.0,410.45,1.002833,167.13400000000001
2024-05-29,688,Eraser,2,89.6,44.8,2,5,2,2.0,2.0,0.0,251.85066,2.0004508,49.28
2024-12-19,689,Pants,4,503.64,125.91,3,12,4,4.0,4.0,0.0,251.85066,3.9865124,138.501
2024-06-16,691,Soccer Ball,2,511.8,255.9,6,6,2,2.0,2.0,0.0,251.85066,1.9995477,281.49
2024-11-08,691,Dress,3,413.67,137.89,4,11,4,2.5,2.5,2.0,255.9,3.222045,151.679
2024-06-10,693,Running Shoes,1,386.91,386.91,0,6,2,1.0,1.0,0.0,251.85066,0.9981288,425.60100000000006
2024-09-09,693,Blanket,1,286.34,286.34,0,9,3,1.0,1.0,1.0,386.91,1.0010829,314.974
2024-09-15,693,Blanket,2,120.66,60.33,6,9,3,1.3333333333333333,1.3333333333333333,1.0,286.34,1.9933466,66.363
2025-01-16,695,Skirt,1,66.24,66.24,3,1,1,1.0,1.0,0.0,251.85066,1.000053,72.864
2024-05-10,700,Carpet,1,385.88,385.88,4,5,2,1.0,1.0,0.0,251.85066,1.0039139,424.468
2024-09-01,701,Skirt,4,1081.28,270.32,6,9,3,4.0,4.0,0.0,251.85066,4.0023074,297.35200000000003
2025-01-26,701,Vase,5,1244.4,248.88,6,1,1,4.5,4.5,4.0,270.32,4.655576,273.76800000000003
2025-02-07,702,Headphones,5,642.25,128.45,4,2,1,5.0,5.0,0.0,251.85066,4.998031,141.295
2024-10-22,703,Yoga Mat,3,1223.49,407.83,1,10,4,3.0,3.0,0.0,251.85066,2.9922795,448.613
2024-12-10,704,Novel,1,55.6,55.6,1,12,4,1.0,1.0,0.0,251.85066,1.0009007,61.160000000000004
2025-01-12,704,Eraser,3,272.73,90.91,6,1,1,2.0,2.0,1.0,55.6,3.0049973,100.001
2024-08-31,705,Smartwatch,2,786.98,393.49,5,8,3,2.0,2.0,0.0,251.85066,1.9943844,432.83900000000006
2024-06-07,706,Tablet,5,1363.75,272.75,4,6,2,5.0,5.0,0.0,251.85066,4.9978976,300.02500000000003
2024-03-22,707,Laptop,2,515.62,257.81,4,3,1,2.0,2.0,0.0,251.85066,1.9937941,283.591
2024-05-14,707,Yoga Mat,2,151.2,75.6,1,5,2,2.0,2.0,2.0,257.81,2.0051854,83.16
2024-09-20,710,Headphones,4,1212.64,303.16,4,9,3,4.0,4.0,0.0,251.85066,4.004594,333.47600000000006
2024-05-21,712,Notebook,2,36.56,18.28,1,5,2,2.0,2.0,0.0,251.85066,2.1563258,20.108000000000004
2024-10-15,712,Soccer Ball,3,655.47,218.49,1,10,4,2.5,2.5,2.0,18.28,2.999743,240.33900000000003
2025-01-26,712,Pants,4,1338.72,334.68,6,1,1,3.0,3.0,3.0,218.49,2.890898,368.148
2024-07-14,713,Skirt,4,352.08,88.02,6,7,3,4.0,4.0,0.0,251.85066,4.002073,96.822
2024-11-13,713,Eraser,5,419.6,83.92,2,11,4,4.5,4.5,4.0,88.02,4.9977007,92.31200000000001
2025-01-24,713,Tent,3,955.32,318.44,4,1,1,4.0,4.0,5.0,83.92,3.0332134,350.28400000000005
2024-08-15,714,Skirt,2,659.84,329.92,3,8,3,2.0,2.0,0.0,251.85066,2.005861,362.91200000000003
2024-06-26,715,Running Shoes,3,1215.06,405.02,2,6,2,3.0,3.0,0.0,251.85066,3.0050845,445.522
2024-06-09,716,Laptop,3,247.95,82.65,6,6,2,3.0,3.0,0.0,251.85066,2.9996612,90.91500000000002
2024-10-13,716,Story Book,2,110.14,55.07,6,10,4,2.5,2.5,3.0,82.65,1.9954548,60.577000000000005
2025-03-10,716,Tablet,1,433.99,433.99,0,3,1,2.0,2.0,2.0,55.07,2.2239141,477.38900000000007
2024-07-17,719,Yoga Mat,3,119.01,39.67,2,7,3,3.0,3.0,0.0,251.85066,3.0032485,43.63700000000001
2024-05-21,721,Novel,5,964.0,192.8,1,5,2,5.0,5.0,0.0,251.85066,5.001537,212.08000000000004
2024-08-27,721,Yoga Mat,4,1400.2,350.05,1,8,3,4.5,4.5,5.0,192.8,4.0011706,385.05500000000006
2025-02-05,721,Dress,4,127.0,31.75,2,2,1,4.333333333333333,4.333333333333333,4.0,350.05,4.0049877,34.925000000000004
2024-04-11,722,Laptop,4,77.12,19.28,3,4,2,4.0,4.0,0.0,251.85066,3.9981322,21.208000000000002
2024-05-31,722,Eraser,2,430.26,215.13,4,5,2,3.0,3.0,4.0,19.28,1.998369,236.643
2024-07-15,722,Pen,1,247.97,247.97,0,7,3,2.3333333333333335,2.3333333333333335,2.0,215.13,1.0122259,272.767
2024-09-12,727,Running Shoes,3,1495.0500000000002,498.35,3,9,3,3.0,3.0,0.0,251.85066,3.0010192,548.1850000000001
2024-08-31,729,Yoga Mat,4,1857.12,464.28,5,8,3,4.0,4.0,0.0,251.85066,4.002229,510.708
2024-03-26,732,Basketball,2,376.94,188.47,1,3,1,2.0,2.0,0.0,251.85066,1.9974527,207.317
2024-04-01,732,Shirt,1,380.08,380.08,0,4,2,1.5,1.5,2.0,188.47,0.9960386,418.088
2024-04-21,732,Running Shoes,2,651.78,325.89,6,4,2,1.6666666666666667,1.6666666666666667,1.0,380.08,1.9968499,358.47900000000004
2025-03-14,733,Smartwatch,2,370.8,185.4,4,3,1,2.0,2.0,0.0,251.85066,2.0014913,203.94000000000003
2025-01-31,734,Shirt,2,723.48,361.74,4,1,1,2.0,2.0,0.0,251.85066,1.9980057,397.91400000000004
2024-04-19,735,Pen,1,267.65,267.65,4,4,2,1.0,1.0,0.0,251.85066,0.99966806,294.415
2024-04-28,736,Notebook,5,2111.95,422.39,6,4,2,5.0,5.0,0.0,251.85066,4.998466,464.629
2024-06-05,737,Skirt,2,92.24,46.12,2,6,2,2.0,2.0,0.0,251.85066,2.001804,50.732
2024-07-12,738,Eraser,2,119.02,59.51,4,7,3,2.0,2.0,0.0,251.85066,1.9957808,65.461
2024-08-12,738,Pen,5,1141.15,228.23,0,8,3,3.5,3.5,2.0,59.51,4.6879883,251.053
2024-09-22,738,Smartwatch,5,965.45,193.09,6,9,3,4.0,4.0,5.0,228.23,4.9948783,212.39900000000003
2024-05-26,739,Blanket,2,137.06,68.53,6,5,2,2.0,2.0,0.0,251.85066,1.9964124,75.38300000000001
2025-01-03,739,Notebook,4,1640.24,410.06,4,1,1,3.0,3.0,2.0,68.53,3.9994156,451.06600000000003
2025-01-25,739,Headphones,2,21.44,10.72,5,1,1,2.6666666666666665,2.6666666666666665,4.0,410.06,2.0000763,11.792000000000002
2024-12-22,742,Yoga Mat,1,329.05,329.05,6,12,4,1.0,1.0,0.0,251.85066,0.9937562,361.95500000000004
2024-03-23,744,Basketball,3,730.11,243.37,5,3,1,3.0,3.0,0.0,251.85066,2.9993553,267.70700000000005
2025-01-20,744,Running Shoes,5,1605.2,321.04,0,1,1,4.0,4.0,3.0,243.37,5.0006523,353.14400000000006
2024-11-14,747,Vase,1,168.47,168.47,3,11,4,1.0,1.0,0.0,251.85066,0.9985754,185.317
2025-01-29,747,T-shirt,3,1093.65,364.55,2,1,1,2.0,2.0,1.0,168.47,3.0061698,401.00500000000005
2024-04-22,748,Basketball,1,473.99,473.99,0,4,2,1.0,1.0,0.0,251.85066,1.000572,521.389
2025-01-03,748,Smartwatch,2,602.2,301.1,4,1,1,1.5,1.5,1.0,473.99,1.99824,331.21000000000004
2024-07-25,749,Laptop,3,1385.73,461.91,3,7,3,3.0,3.0,0.0,251.85066,2.99861,508.10100000000006
2024-09-10,749,Notebook,3,1004.01,334.67,1,9,3,3.0,3.0,3.0,461.91,3.0128965,368.13700000000006
2024-09-27,750,Soccer Ball,5,484.7,96.94,4,9,3,5.0,5.0,0.0,251.85066,4.9988365,106.634
2024-10-13,750,Basketball,2,206.4,103.2,6,10,4,3.5,3.5,5.0,96.94,1.9979196,113.52000000000001
2024-04-02,753,Basketball,4,1054.76,263.69,1,4,2,4.0,4.0,0.0,251.85066,4.002288,290.059
2024-06-11,755,Basketball,1,323.43,323.43,1,6,2,1.0,1.0,0.0,251.85066,1.0023768,355.773
2024-07-04,755,T-shirt,5,745.3,149.06,3,7,3,3.0,3.0,1.0,323.43,4.997064,163.966
2024-07-24,756,Smartphone,4,1355.52,338.88,2,7,3,4.0,4.0,0.0,251.85066,4.002017,372.76800000000003
2024-10-11,756,Blanket,4,363.16,90.79,4,10,4,4.0,4.0,4.0,338.88,3.9970334,99.86900000000001
2024-12-26,757,Carpet,1,274.59,274.59,3,12,4,1.0,1.0,0.0,251.85066,1.0025744,302.049
2024-03-20,759,Story Book,3,1114.29,371.43,2,3,1,3.0,3.0,0.0,251.85066,2.998788,408.57300000000004
2025-01-06,759,Novel,1,233.24,233.24,0,1,1,2.0,2.0,3.0,371.43,1.0004461,256.564
2024-03-20,761,Pen,2,219.94,109.97,2,3,1,2.0,2.0,0.0,251.85066,1.9855131,120.96700000000001
2024-10-16,761,Laptop,5,312.3,62.46,2,10,4,3.5,3.5,2.0,109.97,4.6757836,68.706
2024-04-30,762,Pillow,3,331.65,110.55,1,4,2,3.0,3.0,0.0,251.85066,2.9907439,121.605
2024-07-27,762,Soccer Ball,1,388.35,388.35,5,7,3,2.0,2.0,3.0,110.55,0.9973486,427.18500000000006
2024-04-23,763,Smartphone,1,317.08,317.08,1,4,2,1.0,1.0,0.0,251.85066,0.9965947,348.788
2024-07-22,765,Smartphone,1,447.13,447.13,0,7,3,1.0,1.0,0.0,251.85066,0.9996075,491.843
2024-04-19,766,Laptop,3,578.76,192.92,4,4,2,3.0,3.0,0.0,251.85066,3.001882,212.21200000000002
2025-01-30,766,Tent,5,598.75,119.75,3,1,1,4.0,4.0,3.0,192.92,4.99821,131.72500000000002
2024-03-24,768,Pillow,3,894.81,298.27,6,3,1,3.0,3.0,0.0,251.85066,3.000073,328.097
2025-03-06,770,Story Book,4,574.96,143.74,3,3,1,4.0,4.0,0.0,251.85066,4.002533,158.11400000000003
2024-06-27,773,Notebook,3,1484.61,494.87,3,6,2,3.0,3.0,0.0,251.85066,3.0000217,544.3570000000001
2024-12-26,773,Shirt,3,461.85,153.95,3,12,4,3.0,3.0,3.0,494.87,3.0108523,169.345
2024-09-19,774,Headphones,2,942.24,471.12,3,9,3,2.0,2.0,0.0,251.85066,2.0012686,518.2320000000001
2024-09-21,774,Vase,3,247.59,82.53,5,9,3,2.5,2.5,2.0,471.12,3.0462906,90.78300000000002
2024-04-08,775,Running Shoes,5,414.9,82.98,0,4,2,5.0,5.0,0.0,251.85066,4.9992948,91.278
2024-06-16,775,Laptop,4,1904.52,476.13,6,6,2,4.5,4.5,5.0,82.98,4.00083,523.743
2024-10-01,775,Smartwatch,4,1841.52,460.38,1,10,4,4.333333333333333,4.333333333333333,4.0,476.13,3.998152,506.41800000000006
2024-12-03,775,Laptop,3,768.36,256.12,1,12,4,4.0,4.0,4.0,460.38,2.9936962,281.732
2025-02-09,775,Tent,5,120.9,24.18,6,2,1,4.2,4.2,3.0,256.12,4.9995227,26.598000000000003
2025-02-19,775,Basketball,2,735.88,367.94,2,2,1,3.8333333333333335,3.8333333333333335,5.0,24.18,2.000266,404.73400000000004
2024-08-25,776,Tablet,5,1553.9,310.78,6,8,3,5.0,5.0,0.0,251.85066,4.9957495,341.858
2025-03-16,776,Pen,4,404.04,101.01,6,3,1,4.5,4.5,5.0,310.78,4.303111,111.11100000000002
2024-12-19,780,Soccer Ball,5,1019.65,203.93,3,12,4,5.0,5.0,0.0,251.85066,5.002077,224.32300000000004
2024-06-22,781,Pants,2,921.5,460.75,5,6,2,2.0,2.0,0.0,251.85066,2.00301,506.82500000000005
2024-05-04,782,Soccer Ball,2,571.96,285.98,5,5,2,2.0,2.0,0.0,251.85066,2.001279,314.57800000000003
2024-04-17,783,Yoga Mat,5,258.7,51.74,2,4,2,5.0,5.0,0.0,251.85066,4.999011,56.91400000000001
2024-10-08,783,Running Shoes,3,1362.6,454.2,1,10,4,4.0,4.0,5.0,51.74,2.9972208,499.62
2024-12-17,784,Smartphone,2,746.72,373.36,1,12,4,2.0,2.0,0.0,251.85066,1.7389753,410.696
2024-05-22,787,Eraser,2,72.74,36.37,2,5,2,2.0,2.0,0.0,251.85066,2.0004761,40.007
2025-01-25,787,Painting,3,414.51,138.17,5,1,1,2.5,2.5,2.0,36.37,2.9971867,151.987
2025-02-17,787,Smartphone,4,1042.56,260.64,0,2,1,3.0,3.0,3.0,138.17,3.9929104,286.704
2024-04-19,788,Vase,1,22.21,22.21,4,4,2,1.0,1.0,0.0,251.85066,0.9995595,24.431000000000004
2025-02-08,789,Skirt,1,54.94,54.94,5,2,1,1.0,1.0,0.0,251.85066,1.0022894,60.434000000000005
2024-08-12,791,Dress,4,866.76,216.69,0,8,3,4.0,4.0,0.0,251.85066,4.0000935,238.359
2024-08-02,792,Smartphone,5,1105.75,221.15,4,8,3,5.0,5.0,0.0,251.85066,5.0002975,243.26500000000001
2024-11-17,792,Novel,2,640.96,320.48,6,11,4,3.5,3.5,5.0,221.15,2.0002153,352.5280000000001
2024-06-05,793,Blanket,1,158.11,158.11,2,6,2,1.0,1.0,0.0,251.85066,0.9987687,173.92100000000002
2024-07-31,793,Yoga Mat,2,483.8,241.9,2,7,3,1.5,1.5,1.0,158.11,2.001141,266.09000000000003
2024-07-28,794,Vase,5,500.5,100.1,6,7,3,5.0,5.0,0.0,251.85066,5.0019364,110.11
2024-11-14,795,T-shirt,4,1852.28,463.07,3,11,4,4.0,4.0,0.0,251.85066,4.005436,509.377
2024-05-30,797,Headphones,3,716.3100000000001,238.77,3,5,2,3.0,3.0,0.0,251.85066,3.0010765,262.64700000000005
2024-06-25,797,Carpet,4,658.2,164.55,1,6,2,3.5,3.5,3.0,238.77,3.979505,181.00500000000002
2024-08-17,798,Soccer Ball,5,1508.3000000000002,301.66,5,8,3,5.0,5.0,0.0,251.85066,4.9977555,331.8260000000001
2024-09-30,798,Soccer Ball,5,974.15,194.83,0,9,3,5.0,5.0,5.0,301.66,4.9978514,214.31300000000005
2024-10-26,798,Painting,2,735.56,367.78,5,10,4,4.0,4.0,5.0,194.83,2.0145211,404.558
2024-12-23,798,Laptop,5,823.1,164.62,0,12,4,4.25,4.25,2.0,367.78,5.000248,181.08200000000002
2025-01-07,798,Skirt,1,280.12,280.12,1,1,1,3.6,3.6,5.0,164.62,1.00592,308.132
2024-04-30,799,Basketball,1,463.62,463.62,1,4,2,1.0,1.0,0.0,251.85066,1.0006381,509.982
2024-06-21,799,Yoga Mat,3,1044.72,348.24,4,6,2,2.0,2.0,1.0,463.62,3.0039883,383.064
2025-01-24,799,Vase,4,459.4,114.85,4,1,1,2.6666666666666665,2.6666666666666665,3.0,348.24,3.987441,126.33500000000001
2024-07-12,801,Story Book,4,1897.0,474.25,4,7,3,4.0,4.0,0.0,251.85066,4.0008154,521.6750000000001
2024-11-12,802,Tent,2,257.1,128.55,1,11,4,2.0,2.0,0.0,251.85066,2.002433,141.40500000000003
2024-12-06,804,Pen,1,106.07,106.07,4,12,4,1.0,1.0,0.0,251.85066,1.0005085,116.677
2024-12-19,804,Smartphone,2,395.92,197.96,3,12,4,1.5,1.5,1.0,106.07,2.0041945,217.75600000000003
2024-12-16,806,Tent,4,1735.08,433.77,0,12,4,4.0,4.0,0.0,251.85066,3.9936159,477.147
2024-08-12,809,Vase,3,559.08,186.36,0,8,3,3.0,3.0,0.0,251.85066,2.9964333,204.99600000000004
2024-11-05,809,Eraser,1,447.49,447.49,1,11,4,2.0,2.0,3.0,186.36,1.0009955,492.23900000000003
2024-10-05,811,Novel,5,301.5,60.3,5,10,4,5.0,5.0,0.0,251.85066,4.996818,66.33
2024-09-07,814,Painting,2,167.94,83.97,5,9,3,2.0,2.0,0.0,251.85066,2.001351,92.367
2024-06-13,815,Tablet,3,932.1,310.7,3,6,2,3.0,3.0,0.0,251.85066,3.008239,341.77000000000004
2025-01-11,815,Vase,1,450.81,450.81,5,1,1,2.0,2.0,3.0,310.7,0.8624432,495.891
2024-06-24,816,Soccer Ball,3,979.65,326.55,0,6,2,3.0,3.0,0.0,251.85066,2.9988692,359.20500000000004
2024-10-02,816,Smartwatch,3,245.88,81.96,2,10,4,3.0,3.0,3.0,326.55,3.1542938,90.156
2024-05-09,817,Carpet,2,575.7,287.85,3,5,2,2.0,2.0,0.0,251.85066,2.0040903,316.63500000000005
2024-07-08,818,Smartphone,5,1002.2,200.44,0,7,3,5.0,5.0,0.0,251.85066,5.000474,220.484
2024-04-23,819,Laptop,4,770.04,192.51,1,4,2,4.0,4.0,0.0,251.85066,4.000384,211.761
2024-10-03,819,Carpet,3,1402.53,467.51,3,10,4,3.5,3.5,4.0,192.51,2.9956799,514.2610000000001
2024-09-22,820,Pen,1,357.97,357.97,6,9,3,1.0,1.0,0.0,251.85066,1.0008123,393.76700000000005
2024-05-27,822,Running Shoes,3,428.52,142.84,0,5,2,3.0,3.0,0.0,251.85066,3.0007458,157.12400000000002
2024-11-26,822,Yoga Mat,2,473.22,236.61,1,11,4,2.5,2.5,3.0,142.84,1.9864655,260.271
2024-05-13,824,T-shirt,2,454.26,227.13,0,5,2,2.0,2.0,0.0,251.85066,1.9893153,249.84300000000002
2024-04-07,825,T-shirt,5,628.2,125.64,6,4,2,5.0,5.0,0.0,251.85066,4.999437,138.204
2024-05-30,826,Eraser,1,67.7,67.7,3,5,2,1.0,1.0,0.0,251.85066,1.0008041,74.47000000000001
2024-03-22,828,Tent,5,1978.9,395.78,4,3,1,5.0,5.0,0.0,251.85066,5.001761,435.358
2024-08-17,828,Pants,1,132.34,132.34,5,8,3,3.0,3.0,5.0,395.78,0.9978588,145.574
2024-12-25,828,Eraser,1,373.83,373.83,2,12,4,2.3333333333333335,2.3333333333333335,1.0,132.34,1.0091386,411.213
2024-03-20,829,T-shirt,3,298.14,99.38,2,3,1,3.0,3.0,0.0,251.85066,2.9843357,109.318
2024-12-03,829,Smartphone,4,784.64,196.16,1,12,4,3.5,3.5,3.0,99.38,3.9931378,215.776
2024-11-24,832,Skirt,2,192.62,96.31,6,11,4,2.0,2.0,0.0,251.85066,2.0072198,105.94100000000002
2024-07-28,834,Notebook,5,686.4499999999999,137.29,6,7,3,5.0,5.0,0.0,251.85066,5.000981,151.019
2024-05-13,836,Notebook,2,467.7,233.85,0,5,2,2.0,2.0,0.0,251.85066,1.978117,257.235
2024-12-04,837,Basketball,4,1948.84,487.21,2,12,4,4.0,4.0,0.0,251.85066,3.9999106,535.931
2025-01-20,837,Painting,2,174.6,87.3,0,1,1,3.0,3.0,4.0,487.21,1.9107614,96.03
2024-04-22,839,Shirt,2,530.68,265.34,0,4,2,2.0,2.0,0.0,251.85066,1.9001192,291.874
2024-08-04,839,Tablet,1,311.67,311.67,6,8,3,1.5,1.5,2.0,265.34,1.0018507,342.83700000000005
2025-02-15,840,Story Book,5,102.3,20.46,5,2,1,5.0,5.0,0.0,251.85066,4.9986825,22.506000000000004
2024-05-03,841,Yoga Mat,2,514.02,257.01,4,5,2,2.0,2.0,0.0,251.85066,2.0456808,282.711
2024-03-21,842,Dress,1,284.33,284.33,3,3,1,1.0,1.0,0.0,251.85066,1.0004098,312.76300000000003
2024-09-08,842,Shirt,1,273.56,273.56,6,9,3,1.0,1.0,1.0,284.33,1.0012572,300.91600000000005
2024-04-17,843,Pillow,5,857.75,171.55,2,4,2,5.0,5.0,0.0,251.85066,4.998662,188.70500000000004
2024-05-27,843,Tablet,3,171.96,57.32,0,5,2,4.0,4.0,5.0,171.55,2.9992037,63.05200000000001
2024-12-13,844,Notebook,1,312.01,312.01,4,12,4,1.0,1.0,0.0,251.85066,0.99719745,343.211
2024-06-29,845,Basketball,3,891.99,297.33,5,6,2,3.0,3.0,0.0,251.85066,3.0031145,327.063
2024-09-14,845,Pillow,2,297.18,148.59,5,9,3,2.5,2.5,3.0,297.33,2.0092921,163.449
2024-07-25,846,Soccer Ball,4,536.48,134.12,3,7,3,4.0,4.0,0.0,251.85066,4.0008445,147.532
2024-04-26,847,Pants,3,122.76,40.92,4,4,2,3.0,3.0,0.0,251.85066,3.001231,45.01200000000001
2025-01-06,847,Story Book,5,625.4,125.08,0,1,1,4.0,4.0,3.0,40.92,4.997601,137.58800000000002
2024-04-27,848,Pants,3,1307.16,435.72,5,4,2,3.0,3.0,0.0,251.85066,2.989319,479.2920000000001
2024-09-15,848,Skirt,1,431.8,431.8,6,9,3,2.0,2.0,3.0,435.72,0.99785525,474.9800000000001
2025-02-12,851,Shirt,2,650.46,325.23,2,2,1,2.0,2.0,0.0,251.85066,1.9953624,357.75300000000004
2024-09-14,852,Vase,4,1638.32,409.58,5,9,3,4.0,4.0,0.0,251.85066,3.9973845,450.538
2024-11-21,852,Pillow,4,818.24,204.56,3,11,4,4.0,4.0,4.0,409.58,4.010408,225.01600000000002
2024-12-31,852,T-shirt,4,1522.12,380.53,1,12,4,4.0,4.0,4.0,204.56,3.998957,418.583
2024-03-19,853,Vase,5,1548.1999999999998,309.64,1,3,1,5.0,5.0,0.0,251.85066,5.005723,340.604
2024-12-05,853,Pillow,1,153.82,153.82,3,12,4,3.0,3.0,5.0,309.64,1.0002334,169.202
2024-04-15,854,Smartphone,5,1861.95,372.39,0,4,2,5.0,5.0,0.0,251.85066,5.000342,409.629
2024-11-14,854,Novel,3,1098.42,366.14,3,11,4,4.0,4.0,5.0,372.39,2.9996567,402.754
2024-07-12,855,Yoga Mat,2,682.36,341.18,4,7,3,2.0,2.0,0.0,251.85066,1.9940548,375.29800000000006
2025-03-16,855,Headphones,3,903.21,301.07,6,3,1,2.5,2.5,2.0,341.18,3.0019665,331.177
2024-03-28,856,Skirt,4,1910.72,477.68,3,3,1,4.0,4.0,0.0,251.85066,4.0024524,525.4480000000001
2025-01-15,856,Yoga Mat,1,230.09,230.09,2,1,1,2.5,2.5,4.0,477.68,0.996613,253.09900000000002
2024-08-14,858,Novel,2,328.22,164.11,2,8,3,2.0,2.0,0.0,251.85066,2.0009956,180.52100000000004
2024-10-18,858,Story Book,5,1871.95,374.39,4,10,4,3.5,3.5,2.0,164.11,4.9916687,411.829
2025-01-13,860,Skirt,1,145.57,145.57,0,1,1,1.0,1.0,0.0,251.85066,0.9996662,160.127
2024-03-29,861,Pen,4,405.16,101.29,4,3,1,4.0,4.0,0.0,251.85066,4.001328,111.41900000000001
2024-08-16,861,Soccer Ball,1,376.51,376.51,4,8,3,2.5,2.5,4.0,101.29,1.0009454,414.161
2024-08-17,862,Vase,4,231.36,57.84,5,8,3,4.0,4.0,0.0,251.85066,4.001791,63.62400000000001
2024-09-24,863,Running Shoes,5,874.1500000000001,174.83,1,9,3,5.0,5.0,0.0,251.85066,4.999499,192.31300000000002
2024-11-24,863,Pillow,2,38.7,19.35,6,11,4,3.5,3.5,5.0,174.83,2.0003145,21.285000000000004
2024-09-08,864,Smartwatch,5,2331.9,466.38,6,9,3,5.0,5.0,0.0,251.85066,4.9966216,513.018
2024-06-05,865,Pants,1,323.83,323.83,2,6,2,1.0,1.0,0.0,251.85066,0.99789715,356.213
2024-07-04,865,Dress,2,125.94,62.97,3,7,3,1.5,1.5,1.0,323.83,2.0052102,69.26700000000001
2024-11-08,866,Story Book,2,296.62,148.31,4,11,4,2.0,2.0,0.0,251.85066,2.0018446,163.14100000000002
2024-07-26,867,Carpet,2,616.8,308.4,4,7,3,2.0,2.0,0.0,251.85066,1.9966843,339.24
2024-10-02,868,Eraser,2,493.28,246.64,2,10,4,2.0,2.0,0.0,251.85066,1.9987652,271.30400000000003
2025-01-16,868,Carpet,1,55.6,55.6,3,1,1,1.5,1.5,2.0,246.64,0.9896631,61.160000000000004
2024-05-09,869,Basketball,5,2099.9,419.98,3,5,2,5.0,5.0,0.0,251.85066,5.004058,461.97800000000007
2024-03-26,870,Soccer Ball,1,138.85,138.85,1,3,1,1.0,1.0,0.0,251.85066,0.99633557,152.735
2024-12-18,870,Skirt,2,316.1,158.05,2,12,4,1.5,1.5,1.0,138.85,1.9939709,173.85500000000002
2024-03-19,871,Smartphone,5,424.45,84.89,1,3,1,5.0,5.0,0.0,251.85066,4.9985037,93.379
2024-09-24,874,Carpet,2,124.02,62.01,1,9,3,2.0,2.0,0.0,251.85066,2.005752,68.211
2025-03-18,874,Painting,4,243.04,60.76,1,3,1,3.0,3.0,2.0,62.01,3.9986765,66.836
2024-08-08,876,Blanket,2,194.16,97.08,3,8,3,2.0,2.0,0.0,251.85066,2.0026689,106.78800000000001
2024-04-07,877,Vase,4,387.76,96.94,6,4,2,4.0,4.0,0.0,251.85066,4.0005293,106.634
2024-12-14,879,Tablet,5,1347.1,269.42,5,12,4,5.0,5.0,0.0,251.85066,5.0017776,296.362
2024-03-23,880,Smartphone,1,162.38,162.38,5,3,1,1.0,1.0,0.0,251.85066,0.99851984,178.61800000000002
2024-08-03,880,Smartphone,1,152.2,152.2,5,8,3,1.0,1.0,1.0,162.38,1.0001527,167.42
2024-09-20,880,Basketball,4,1290.36,322.59,4,9,3,2.0,2.0,1.0,152.2,3.970674,354.849
2024-03-27,881,Yoga Mat,5,1096.3,219.26,2,3,1,5.0,5.0,0.0,251.85066,4.998463,241.186
2025-02-26,881,Shirt,2,623.68,311.84,2,2,1,3.5,3.5,5.0,219.26,1.7824088,343.024
2024-03-24,882,Pillow,1,293.0,293.0,6,3,1,1.0,1.0,0.0,251.85066,0.9991275,322.3
2024-07-23,883,Yoga Mat,1,423.98,423.98,1,7,3,1.0,1.0,0.0,251.85066,0.99997115,466.37800000000004
2024-10-13,883,Pillow,1,489.19,489.19,6,10,4,1.0,1.0,1.0,423.98,1.0003529,538.109
2024-04-21,884,Pillow,1,394.06,394.06,6,4,2,1.0,1.0,0.0,251.85066,1.0013814,433.46600000000007
2024-10-28,884,Tablet,5,2277.15,455.43,0,10,4,3.0,3.0,1.0,394.06,4.7218766,500.97300000000007
2025-01-24,886,Blanket,4,1386.16,346.54,4,1,1,4.0,4.0,0.0,251.85066,3.9977214,381.1940000000001
2025-03-04,886,Novel,4,1200.12,300.03,1,3,1,4.0,4.0,4.0,346.54,3.9880393,330.033
2024-05-25,887,Soccer Ball,3,1263.42,421.14,5,5,2,3.0,3.0,0.0,251.85066,2.9951007,463.254
2024-09-12,887,Yoga Mat,5,1464.8,292.96,3,9,3,4.0,4.0,3.0,421.14,4.9960995,322.25600000000003
2024-03-26,888,Laptop,4,104.8,26.2,1,3,1,4.0,4.0,0.0,251.85066,3.9999335,28.82
2025-01-28,888,Eraser,4,145.08,36.27,1,1,1,4.0,4.0,4.0,26.2,3.9997916,39.897000000000006
2024-05-17,889,Tent,1,75.71,75.71,4,5,2,1.0,1.0,0.0,251.85066,1.0004607,83.281
2024-09-14,889,Shirt,1,239.33,239.33,5,9,3,1.0,1.0,1.0,75.71,1.0947412,263.26300000000003
2024-07-21,890,Running Shoes,5,412.05,82.41,6,7,3,5.0,5.0,0.0,251.85066,5.000933,90.65100000000001
2024-05-24,892,Headphones,1,474.75,474.75,4,5,2,1.0,1.0,0.0,251.85066,1.0019215,522.225
2024-09-26,892,Eraser,5,1400.75,280.15,3,9,3,3.0,3.0,1.0,474.75,4.992936,308.165
2024-04-07,893,Carpet,1,40.2,40.2,6,4,2,1.0,1.0,0.0,251.85066,1.0015475,44.220000000000006
2024-05-20,893,Shirt,1,316.41,316.41,0,5,2,1.0,1.0,1.0,40.2,1.000926,348.05100000000004
2024-09-29,896,Painting,4,1916.48,479.12,6,9,3,4.0,4.0,0.0,251.85066,4.003951,527.032
2024-09-07,897,Notebook,4,57.88,14.47,5,9,3,4.0,4.0,0.0,251.85066,3.992384,15.917000000000002
2024-11-07,897,Tablet,5,127.75,25.55,3,11,4,4.5,4.5,4.0,14.47,5.0004525,28.105000000000004
2024-04-21,898,Running Shoes,2,63.02,31.51,6,4,2,2.0,2.0,0.0,251.85066,1.9949117,34.661
2024-06-17,898,Skirt,2,559.62,279.81,0,6,2,2.0,2.0,2.0,31.51,2.1546516,307.79100000000005
2024-03-30,899,Pillow,5,1152.45,230.49,5,3,1,5.0,5.0,0.0,251.85066,5.0019,253.53900000000004
2024-06-14,899,Novel,5,2080.6,416.12,4,6,2,5.0,5.0,5.0,230.49,5.000594,457.732
2024-09-25,901,Basketball,1,101.9,101.9,2,9,3,1.0,1.0,0.0,251.85066,0.99970293,112.09000000000002
2024-11-03,901,Story Book,4,146.84,36.71,6,11,4,2.5,2.5,1.0,101.9,3.990317,40.38100000000001
2024-12-10,905,Pillow,4,1552.0,388.0,1,12,4,4.0,4.0,0.0,251.85066,3.99441,426.8
2025-02-25,907,Tablet,2,154.74,77.37,1,2,1,2.0,2.0,0.0,251.85066,1.9948218,85.10700000000001
2024-07-11,909,Smartphone,1,89.38,89.38,3,7,3,1.0,1.0,0.0,251.85066,0.99891263,98.318
2024-08-17,909,Soccer Ball,2,828.74,414.37,5,8,3,1.5,1.5,1.0,89.38,1.9946443,455.807
2024-07-14,910,Pants,3,77.37,25.79,6,7,3,3.0,3.0,0.0,251.85066,3.0005379,28.369
2024-10-21,910,Notebook,3,501.96,167.32,0,10,4,3.0,3.0,3.0,25.79,3.0038717,184.05200000000002
2024-11-13,910,Smartphone,4,636.56,159.14,2,11,4,3.3333333333333335,3.3333333333333335,3.0,167.32,4.0025287,175.054
2024-10-27,911,Smartphone,3,1282.44,427.48,6,10,4,3.0,3.0,0.0,251.85066,2.9955173,470.22800000000007
2025-02-25,911,Carpet,4,150.08,37.52,1,2,1,3.5,3.5,3.0,427.48,3.999286,41.272000000000006
2024-12-02,912,Pants,1,242.04,242.04,0,12,4,1.0,1.0,0.0,251.85066,1.0016114,266.244
2024-12-18,914,Smartphone,4,1165.16,291.29,2,12,4,4.0,4.0,0.0,251.85066,4.003602,320.41900000000004
2024-12-26,914,Pants,5,520.25,104.05,3,12,4,4.5,4.5,4.0,291.29,4.9966006,114.45500000000001
2024-03-26,915,Pen,1,341.89,341.89,1,3,1,1.0,1.0,0.0,251.85066,1.0044395,376.079
2024-05-02,918,Running Shoes,5,1188.95,237.79,3,5,2,5.0,5.0,0.0,251.85066,5.0032196,261.569
2024-07-14,922,T-shirt,1,183.3,183.3,6,7,3,1.0,1.0,0.0,251.85066,1.0004324,201.63000000000002
2024-11-02,922,Painting,4,631.8,157.95,5,11,4,2.5,2.5,1.0,183.3,4.0035377,173.745
2024-11-01,923,Laptop,5,304.1,60.82,4,11,4,5.0,5.0,0.0,251.85066,5.0008593,66.902
2024-04-21,928,T-shirt,2,627.34,313.67,6,4,2,2.0,2.0,0.0,251.85066,1.9988557,345.03700000000003
2025-01-05,928,Tent,1,63.44,63.44,6,1,1,1.5,1.5,2.0,313.67,0.997358,69.784
2025-02-07,931,Tablet,3,1318.53,439.51,4,2,1,3.0,3.0,0.0,251.85066,3.005516,483.461
2024-09-20,932,T-shirt,2,520.28,260.14,4,9,3,2.0,2.0,0.0,251.85066,1.9993591,286.154
2024-04-08,937,Novel,4,1070.88,267.72,0,4,2,4.0,4.0,0.0,251.85066,4.0017734,294.4920000000001
2025-01-03,937,Painting,4,1915.76,478.94,4,1,1,4.0,4.0,4.0,267.72,3.9979696,526.8340000000001
2025-02-11,937,Laptop,1,391.58,391.58,1,2,1,3.0,3.0,4.0,478.94,1.0093981,430.738
2025-02-20,938,Carpet,4,1533.44,383.36,3,2,1,4.0,4.0,0.0,251.85066,3.983262,421.696
2024-09-18,939,Carpet,2,651.76,325.88,2,9,3,2.0,2.0,0.0,251.85066,2.0015416,358.468
2024-07-06,941,Headphones,1,213.83,213.83,5,7,3,1.0,1.0,0.0,251.85066,1.0028346,235.21300000000002
2024-11-01,941,Smartphone,2,782.86,391.43,4,11,4,1.5,1.5,1.0,213.83,2.0007436,430.57300000000004
2024-12-24,941,Smartphone,2,688.08,344.04,1,12,4,1.6666666666666667,1.6666666666666667,2.0,391.43,1.9932913,378.4440000000001
2025-02-07,943,Pen,2,886.98,443.49,4,2,1,2.0,2.0,0.0,251.85066,1.9985125,487.83900000000006
2024-07-28,944,T-shirt,5,812.25,162.45,6,7,3,5.0,5.0,0.0,251.85066,4.9995027,178.695
2025-01-16,945,Shirt,1,27.65,27.65,3,1,1,1.0,1.0,0.0,251.85066,1.0037625,30.415
2024-08-02,950,Tablet,4,668.44,167.11,4,8,3,4.0,4.0,0.0,251.85066,4.0007396,183.82100000000003
2024-10-30,950,Yoga Mat,4,1385.76,346.44,2,10,4,4.0,4.0,4.0,167.11,3.9963152,381.084
2024-04-09,951,Pen,1,220.22,220.22,1,4,2,1.0,1.0,0.0,251.85066,1.0022442,242.24200000000002
2024-09-11,951,Soccer Ball,4,1337.48,334.37,2,9,3,2.5,2.5,1.0,220.22,3.8124971,367.807
2024-04-16,952,Novel,5,776.25,155.25,1,4,2,5.0,5.0,0.0,251.85066,4.99739,170.775
2024-05-23,952,Pen,2,407.22,203.61,3,5,2,3.5,3.5,5.0,155.25,2.001257,223.97100000000003
2024-09-24,952,Tablet,2,961.58,480.79,1,9,3,3.0,3.0,2.0,203.61,2.0051446,528.869
2024-04-19,953,Painting,4,816.24,204.06,4,4,2,4.0,4.0,0.0,251.85066,3.9979062,224.466
2024-11-05,953,Basketball,3,662.1899999999999,220.73,1,11,4,3.5,3.5,4.0,204.06,2.9041126,242.803
2025-02-12,953,Novel,3,176.73,58.91,2,2,1,3.3333333333333335,3.3333333333333335,3.0,220.73,4.1548896,64.801
2024-09-22,954,Pillow,4,825.12,206.28,6,9,3,4.0,4.0,0.0,251.85066,4.0085645,226.90800000000002
2024-04-05,955,Skirt,1,457.29,457.29,4,4,2,1.0,1.0,0.0,251.85066,0.9980102,503.01900000000006
2024-06-28,955,Smartwatch,4,822.4,205.6,4,6,2,2.5,2.5,1.0,457.29,3.9886758,226.16000000000003
2024-11-19,956,Tablet,2,993.86,496.93,1,11,4,2.0,2.0,0.0,251.85066,1.9995056,546.623
2024-06-16,957,Painting,3,1128.57,376.19,6,6,2,3.0,3.0,0.0,251.85066,3.001789,413.809
2024-12-16,957,Laptop,4,1064.52,266.13,0,12,4,3.5,3.5,3.0,376.19,4.0008874,292.743
2024-07-02,958,Laptop,3,459.36,153.12,1,7,3,3.0,3.0,0.0,251.85066,2.9911673,168.43200000000002
2024-07-05,959,Smartphone,5,550.85,110.17,4,7,3,5.0,5.0,0.0,251.85066,4.9977207,121.18700000000001
2024-05-25,960,Tablet,4,1425.0,356.25,5,5,2,4.0,4.0,0.0,251.85066,4.0024285,391.87500000000006
2024-03-28,961,Story Book,4,1641.12,410.28,3,3,1,4.0,4.0,0.0,251.85066,3.9997616,451.308
2024-09-15,961,Carpet,2,226.42,113.21,6,9,3,3.0,3.0,4.0,410.28,1.7243801,124.531
2024-10-22,961,Painting,3,685.6500000000001,228.55,1,10,4,3.0,3.0,2.0,113.21,3.0225718,251.40500000000003
2025-03-05,961,Laptop,4,1462.16,365.54,2,3,1,3.25,3.25,3.0,228.55,3.9979768,402.09400000000005
2024-07-23,964,Pillow,2,65.02,32.51,1,7,3,2.0,2.0,0.0,251.85066,1.9985187,35.761
2025-01-28,964,Yoga Mat,4,757.2,189.3,1,1,1,3.0,3.0,2.0,32.51,3.9976609,208.23000000000002
2024-05-04,965,Notebook,3,1485.72,495.24,5,5,2,3.0,3.0,0.0,251.85066,2.999874,544.764
2024-05-30,967,Pants,5,1906.55,381.31,3,5,2,5.0,5.0,0.0,251.85066,5.0023546,419.44100000000003
2024-10-12,967,Eraser,3,283.62,94.54,5,10,4,4.0,4.0,5.0,381.31,2.9958982,103.99400000000001
2025-02-05,967,Blanket,4,1667.56,416.89,2,2,1,4.0,4.0,3.0,94.54,4.006904,458.579
2025-03-11,967,Blanket,1,77.42,77.42,1,3,1,3.25,3.25,4.0,416.89,1.011288,85.162
2024-12-27,969,Shirt,1,275.82,275.82,4,12,4,1.0,1.0,0.0,251.85066,1.0014176,303.40200000000004
2024-09-17,970,Smartwatch,5,1664.3000000000002,332.86,1,9,3,5.0,5.0,0.0,251.85066,4.997466,366.1460000000001
2024-10-29,970,Carpet,1,189.89,189.89,1,10,4,3.0,3.0,5.0,332.86,1.0050839,208.879
2024-08-02,971,Tablet,3,274.56,91.52,4,8,3,3.0,3.0,0.0,251.85066,2.9984946,100.672
2024-11-27,971,Dress,4,815.76,203.94,2,11,4,3.5,3.5,3.0,91.52,4.102892,224.334
2024-04-26,973,Pillow,1,324.51,324.51,4,4,2,1.0,1.0,0.0,251.85066,0.9962107,356.961
2024-05-27,973,Headphones,3,249.51,83.17,0,5,2,2.0,2.0,1.0,324.51,2.996919,91.48700000000001
2024-08-10,974,Headphones,4,1168.48,292.12,5,8,3,4.0,4.0,0.0,251.85066,4.0044084,321.33200000000005
2024-12-18,974,Tablet,5,2053.0,410.6,2,12,4,4.5,4.5,4.0,292.12,4.9480753,451.6600000000001
2024-09-25,975,Carpet,4,786.8,196.7,2,9,3,4.0,4.0,0.0,251.85066,4.0003166,216.37
2024-12-23,976,Soccer Ball,3,229.32,76.44,0,12,4,3.0,3.0,0.0,251.85066,3.0022712,84.084
2025-03-09,976,Skirt,5,1149.05,229.81,6,3,1,4.0,4.0,3.0,76.44,4.9942183,252.79100000000003
2024-08-24,977,Story Book,3,1106.73,368.91,5,8,3,3.0,3.0,0.0,251.85066,2.9955492,405.80100000000004
2024-11-22,977,Headphones,5,984.35,196.87,4,11,4,4.0,4.0,3.0,368.91,4.982624,216.55700000000002
2024-12-02,977,Blanket,3,250.41,83.47,0,12,4,3.6666666666666665,3.6666666666666665,5.0,196.87,2.999347,91.81700000000001
2024-08-23,978,Laptop,1,127.53,127.53,4,8,3,1.0,1.0,0.0,251.85066,0.9974825,140.28300000000002
2024-06-14,979,Vase,1,146.35,146.35,4,6,2,1.0,1.0,0.0,251.85066,1.0018209,160.985
2024-07-23,981,Painting,2,732.84,366.42,1,7,3,2.0,2.0,0.0,251.85066,1.8053322,403.06200000000007
2024-11-26,983,Pants,1,419.8,419.8,1,11,4,1.0,1.0,0.0,251.85066,1.0025082,461.78000000000003
2025-01-30,983,Blanket,2,938.66,469.33,3,1,1,1.5,1.5,1.0,419.8,1.9981799,516.263
2024-05-08,985,Carpet,2,940.16,470.08,2,5,2,2.0,2.0,0.0,251.85066,2.0132887,517.0880000000001
2024-04-20,988,Laptop,1,465.66,465.66,5,4,2,1.0,1.0,0.0,251.85066,1.0013305,512.2260000000001
2024-07-30,988,Notebook,4,1725.92,431.48,1,7,3,2.5,2.5,1.0,465.66,3.9981513,474.62800000000004
2025-02-11,988,Dress,3,1035.54,345.18,1,2,1,2.6666666666666665,2.6666666666666665,4.0,431.48,2.98923,379.69800000000004
2024-04-09,990,Soccer Ball,4,461.44,115.36,1,4,2,4.0,4.0,0.0,251.85066,4.02406,126.89600000000002
2024-12-24,990,Blanket,3,1441.9499999999998,480.65,1,12,4,3.5,3.5,4.0,115.36,2.9939418,528.715
2025-01-06,991,Pillow,3,625.41,208.47,0,1,1,3.0,3.0,0.0,251.85066,3.0143187,229.317
2024-11-09,992,Headphones,3,686.55,228.85,5,11,4,3.0,3.0,0.0,251.85066,2.9927127,251.735
2024-07-09,993,Soccer Ball,2,64.4,32.2,1,7,3,2.0,2.0,0.0,251.85066,1.9985187,35.42000000000001
2024-09-27,994,Smartphone,5,2376.55,475.31,4,9,3,5.0,5.0,0.0,251.85066,4.9975696,522.841
2024-04-26,995,Notebook,5,579.55,115.91,4,4,2,5.0,5.0,0.0,251.85066,4.9982367,127.501
