event_date,product_name,predicted_quantity
2024-12-12,Laptop,3.976904
2024-08-29,Headphones,4.0007644
2024-11-05,Painting,1.0022541
2024-11-18,Soccer Ball,3.005017
2025-03-10,Soccer Ball,4.009381
2025-01-20,Story Book,2.002324
2024-11-08,Skirt,0.99771863
2025-03-01,Dress,0.99682724
2024-05-22,Notebook,1.0014393
2024-09-24,Basketball,4.001095
2024-10-31,Soccer Ball,2.0103347
2024-05-17,Pants,2.9961975
2024-09-27,Pants,4.9963984
2024-12-17,Tent,3.0039291
2024-06-17,Yoga Mat,2.0005438
2024-07-04,Running Shoes,3.0241976
2024-03-25,Notebook,2.001544
2024-10-24,Tablet,3.9697843
2025-02-21,Smartwatch,3.997154
2025-02-24,Running Shoes,3.0059912
2024-08-12,T-shirt,4.9993453
2024-08-17,Blanket,3.998241
2024-12-26,T-shirt,3.0262969
2024-08-26,Tent,5.0002856
2024-04-07,Running Shoes,2.0000687
2024-03-21,Vase,4.0041776
2024-05-25,Yoga Mat,1.0013305
2024-12-25,Laptop,1.9990541
2024-07-04,Story Book,5.000121
2025-02-06,Smartwatch,0.9950336
2025-03-19,Pen,4.6271367
2025-02-12,Eraser,0.9991336
2024-07-17,Tablet,3.999625
2024-09-05,Shirt,1.9988452
2024-12-17,Basketball,0.99868757
2025-02-21,Headphones,2.002105
2024-05-15,T-shirt,4.997678
2024-04-18,Yoga Mat,3.9993355
2024-05-07,Pants,1.004439
2024-12-08,Pen,2.8388944
2024-04-04,Pants,1.9989327
2024-09-22,Headphones,2.006289
2024-04-04,Carpet,3.9981322
2024-12-25,T-shirt,4.003323
2025-02-28,Notebook,4.4790387
2024-11-09,T-shirt,4.0008545
2025-02-14,Soccer Ball,0.9986958
2024-05-25,Blanket,2.9991663
2024-10-28,Story Book,4.9983816
2024-12-08,Running Shoes,5.0000386
2024-05-28,Vase,1.9940734
2024-03-23,Smartphone,1.998624
2024-08-14,Eraser,4.9928393
2024-08-30,Laptop,3.9976516
2024-06-29,Headphones,1.9962692
2025-03-17,Story Book,0.97849876
2025-01-11,Smartwatch,1.0008469
2024-06-26,Dress,5.0009727
2024-08-24,Vase,0.9998304
2024-12-27,Dress,4.864118
2024-12-28,Soccer Ball,3.341489
2024-12-28,T-shirt,3.0023386
2024-06-18,Pen,1.0009224
2024-09-28,Notebook,4.781203
2025-01-15,Tablet,4.9991574
2025-01-27,Novel,4.998175
2024-07-17,T-shirt,4.99986
2024-07-28,Skirt,1.3479369
2024-09-29,Laptop,5.0013857
2024-04-17,Eraser,2.9990125
2024-06-09,Skirt,5.0000186
2024-08-20,Painting,1.0017139
2024-11-20,Smartphone,5.00231
2024-04-08,Basketball,0.9999373
2024-04-19,Tent,1.00089
2024-08-14,Vase,4.9847198
2024-10-21,Skirt,2.0454898
2025-01-17,Pillow,3.989411
2024-04-07,Pillow,4.999329
2024-10-30,Shirt,1.9966711
2024-04-11,Eraser,2.0115166
2025-02-21,Vase,5.000038
2024-04-11,Shirt,2.9987884
2024-05-01,Shirt,3.000652
2024-12-07,Yoga Mat,2.990017
2025-01-14,Novel,1.0126729
2024-11-16,Pants,0.9996188
2024-09-17,Novel,4.9982815
2024-07-19,Skirt,1.0027939
2024-05-17,Novel,1.0008066
2024-08-01,Pants,2.0009952
2024-07-03,Carpet,1.0020461
2024-08-04,Tent,2.0055532
2024-12-19,Basketball,1.0014436
2024-04-15,Shirt,1.9900812
2024-05-18,Tent,3.9964502
2024-07-15,Shirt,2.1431532
2024-08-04,Carpet,2.0058796
2025-03-19,Novel,2.0124807
2024-08-15,Story Book,3.9909596
2024-11-06,Pen,3.0126464
2024-12-12,Running Shoes,3.9661834
2024-12-13,Smartwatch,0.99910086
2024-08-24,Blanket,0.99990785
2024-11-23,Eraser,4.0019336
2024-12-31,Carpet,1.9986622
2024-05-25,Pants,5.0012217
2024-08-09,Tent,4.958795
2024-04-13,T-shirt,1.9965969
2024-08-28,Yoga Mat,3.000703
2024-06-02,Headphones,4.997006
2024-12-20,Laptop,3.9983065
2024-05-02,Yoga Mat,4.0021653
2024-05-12,Tablet,0.9976016
2024-08-17,Pants,4.0062194
2024-07-17,T-shirt,3.0006008
2024-03-20,Tent,5.000809
2025-03-13,T-shirt,5.0056143
2024-05-14,Painting,4.0001373
2024-07-11,Tent,1.0045778
2024-07-30,Soccer Ball,4.3676643
2024-05-01,Pen,3.0035775
2024-07-15,Carpet,5.000474
2024-09-28,Eraser,1.9974388
2024-10-05,Skirt,3.9964657
2024-06-01,Basketball,1.9973642
2024-07-20,Painting,2.0020282
2025-02-03,Pants,3.0018919
2024-05-10,Skirt,4.0008354
2024-12-15,Headphones,1.9969962
2024-09-26,Headphones,2.9993913
2025-02-27,Headphones,4.9974923
2024-07-31,Dress,2.9998586
2024-10-28,Story Book,1.999098
2024-12-14,Basketball,4.997307
2024-06-11,Pants,4.0000935
2024-08-19,Tent,5.000094
2024-04-23,Pen,3.1221154
2024-07-25,Shirt,1.0004528
2024-10-11,Laptop,2.8652
2024-11-09,Yoga Mat,1.0047108
2024-08-02,Novel,4.0012283
2024-10-26,Skirt,4.0012426
2024-05-25,Story Book,4.0022798
2024-04-10,Dress,3.999585
2024-08-28,Eraser,2.004071
2024-09-07,Headphones,5.001938
2024-09-20,Notebook,1.9953324
2024-09-09,Headphones,0.9998078
2024-10-14,Headphones,2.9952252
2024-12-15,Tablet,2.0031786
2024-12-22,Blanket,3.0101767
2025-03-03,Tent,2.0001838
2024-06-02,Carpet,0.9987065
2024-08-09,Skirt,2.9974372
2024-10-13,Tent,1.002146
2024-10-17,Dress,1.0004487
2024-12-11,Story Book,2.9819925
2025-01-06,Smartphone,0.99305433
2024-07-29,Skirt,1.9946477
2024-12-27,Basketball,5.0025177
2024-07-11,Eraser,1.9965078
2024-08-11,Tablet,0.9991553
2024-05-06,Yoga Mat,1.0015365
2024-06-12,Pen,1.9994224
2024-05-31,Running Shoes,4.998021
2024-09-24,Running Shoes,1.0009419
2024-12-29,Eraser,2.0010118
2024-11-13,Painting,5.002017
2024-12-28,Headphones,1.9946164
2025-01-23,Painting,2.011198
2024-10-26,Pillow,2.9937363
2024-11-27,Shirt,3.9972453
2024-11-09,Running Shoes,1.9995809
2024-12-16,Dress,3.2365315
2024-12-24,Pillow,3.9991727
2025-01-28,Carpet,2.0024107
2024-10-20,Smartphone,4.9997168
2024-10-27,Novel,2.9976435
2024-11-22,Vase,5.004878
2025-03-12,Novel,2.0007164
2024-09-24,Pillow,0.9993766
2024-11-01,Dress,5.0018697
2024-09-23,Painting,1.001447
2024-11-12,Painting,5.0030484
2024-09-25,Vase,4.997959
2024-11-06,Carpet,4.0021505
2024-12-19,Dress,3.9974637
2024-06-22,Soccer Ball,2.9984493
2024-08-17,Pants,1.0136389
2025-01-23,Tent,4.0065885
2025-02-05,Skirt,0.9989745
2025-01-01,Blanket,3.9972496
2025-03-17,Soccer Ball,3.0018477
2024-07-23,Basketball,5.000944
2025-02-21,Yoga Mat,3.002682
2024-11-24,Tent,0.9998624
2024-03-27,Painting,1.9973222
2025-01-27,Dress,4.005078
2024-05-09,Laptop,2.001166
2025-03-06,T-shirt,2.9918585
2024-06-06,Yoga Mat,5.000112
2024-11-23,Headphones,0.99162626
2024-08-30,Smartwatch,3.001062
2024-09-20,Pants,1.9976882
2024-10-07,Pillow,4.995649
2024-04-17,Skirt,3.0062313
2024-11-06,Yoga Mat,0.99491996
2024-05-26,Headphones,5.0010767
2025-01-28,Dress,1.0004573
2024-05-11,Shirt,1.0002811
2024-05-20,Skirt,4.0034127
2024-09-27,Painting,0.99877644
2025-01-23,Smartphone,4.00283
2025-03-06,Tent,1.9981611
2024-07-01,Smartphone,5.000474
2025-01-14,Skirt,3.0091941
2024-08-10,Shirt,4.9992986
2024-06-13,T-shirt,3.0002098
2024-09-05,Notebook,0.999752
2024-10-12,Smartwatch,3.0056555
2025-01-25,Dress,3.1596308
2025-02-06,Basketball,2.0009656
2024-07-25,Pillow,3.9999738
2024-09-10,Pants,1.0015898
2024-07-25,T-shirt,5.000124
2024-12-11,Eraser,4.9990864
2025-02-11,Yoga Mat,4.999508
2024-07-01,Headphones,1.9990829
2024-08-18,Painting,1.0032805
2024-09-13,Shirt,2.0050018
2024-08-12,Blanket,1.9987416
2024-08-12,Shirt,2.0055838
2024-12-18,Smartwatch,2.0103362
2025-02-04,Skirt,2.9797754
2024-10-14,Running Shoes,2.908975
2024-10-15,Soccer Ball,3.0104504
2024-03-28,Notebook,4.9957585
2024-06-09,Headphones,4.001627
2024-06-12,Running Shoes,4.0055366
2025-02-18,Novel,1.998773
2024-06-27,Pillow,2.0010457
2024-04-03,Dress,4.999011
2024-11-04,Blanket,4.9984975
2024-09-19,Carpet,5.0006557
2024-12-31,Pen,5.0007377
2024-06-12,Vase,4.9992795
2024-08-02,Notebook,1.7969048
2024-12-07,Laptop,1.9992051
2024-12-15,Skirt,4.9992285
2024-11-27,Pants,3.9980872
2024-09-21,Pen,2.0006032
2024-08-05,Dress,4.9981885
2024-08-09,Pen,4.998837
2024-05-14,Notebook,1.9957128
2025-03-16,Blanket,1.9987705
2024-05-08,Laptop,3.000652
2024-10-21,Pillow,1.9990929
2024-07-01,Pen,4.0044003
2024-09-10,Vase,1.0009387
2024-10-06,Pants,5.00213
2024-09-12,Dress,2.999291
2025-01-19,Headphones,2.0008123
2024-06-30,Basketball,1.0003445
2025-03-12,Dress,2.988662
2024-07-03,Running Shoes,4.996379
2025-02-05,Dress,4.0001497
2024-11-29,Vase,4.9994783
2025-01-23,Shirt,1.999803
2024-05-12,Notebook,3.00344
2024-08-25,Eraser,3.0003583
2025-02-21,Vase,3.0194728
2025-01-28,Shirt,2.0051608
2024-08-14,Tablet,4.999746
2025-01-30,Story Book,2.000536
2024-07-27,Novel,0.99935454
2024-04-10,Soccer Ball,2.9975915
2024-11-06,Running Shoes,4.0049863
2025-02-06,Eraser,1.9960291
2024-08-29,Skirt,5.002224
2024-04-11,Smartwatch,4.996843
2024-05-26,Pants,1.9838336
2025-02-16,Tent,1.0106275
2024-11-29,Shirt,5.0005283
2025-03-12,Yoga Mat,4.9989085
2025-01-28,Blanket,3.0048425
2024-10-18,Dress,2.000289
2025-01-27,Headphones,5.0001783
2024-08-15,Notebook,4.9999166
2025-02-15,Running Shoes,1.7028685
2024-07-06,Story Book,2.9965384
2024-08-30,Story Book,3.004436
2025-01-28,Pants,3.1979349
2025-02-09,Skirt,3.001319
2024-03-29,Notebook,1.9963334
2025-02-08,Carpet,1.0015887
2025-01-16,Shirt,0.9914985
2024-03-31,Pants,2.0004706
2024-05-13,Pants,4.0042796
2024-10-07,Laptop,4.7725363
2024-06-09,Vase,1.9996263
2024-11-12,Carpet,2.9946785
2024-12-11,Pants,2.0024295
2024-12-07,Notebook,3.0023897
2024-12-05,Tent,5.0007663
2024-05-25,Eraser,3.0022519
2024-09-05,Tent,2.001883
2025-02-23,T-shirt,2.9367106
2024-09-23,Dress,1.0016072
2024-10-01,Pants,2.002852
2024-12-17,Vase,5.0403605
2024-04-06,Dress,5.000291
2024-08-15,Novel,2.854107
2024-04-23,Eraser,0.9996227
2025-01-10,Eraser,1.0060506
2024-08-12,Vase,2.9985785
2024-03-29,Smartphone,4.0026865
2024-10-19,Pants,1.9910738
2024-11-30,Running Shoes,4.9056892
2024-07-02,Tent,2.9940963
2024-10-10,Blanket,4.002179
2025-03-03,Headphones,1.8823118
2024-04-14,Yoga Mat,1.9974654
2025-01-14,Story Book,2.9996922
2025-03-04,Skirt,1.9952581
2025-03-10,Novel,1.0032694
2024-05-28,Smartphone,1.9990965
2024-09-28,Eraser,4.8141656
2024-11-07,Pillow,2.009597
2025-01-31,Vase,2.0064971
2024-06-20,Blanket,3.0045671
2025-03-19,Blanket,1.0011148
2024-07-09,Notebook,0.9968666
2025-01-10,Story Book,1.9974726
2024-04-14,Pen,3.992665
2025-01-17,Pen,1.0021796
2024-04-21,Eraser,3.0004752
2025-01-29,Vase,2.9942858
2025-02-24,Story Book,4.9993877
2024-12-13,Headphones,1.0001017
2024-07-13,Running Shoes,1.9933562
2025-01-07,Pen,3.9934547
2024-06-10,Novel,2.9988692
2024-08-01,T-shirt,5.0073113
2024-12-19,Shirt,2.9907207
2025-03-14,Headphones,1.0280547
2024-06-13,Headphones,3.0642793
2024-07-14,Painting,3.001186
2024-05-03,Carpet,5.000965
2025-01-07,Vase,4.9996037
2024-09-08,Yoga Mat,2.9946902
2024-10-02,Smartwatch,2.7872539
2024-10-13,Running Shoes,4.0042696
2025-01-27,Pen,0.99837756
2024-05-17,Smartwatch,4.9971876
2024-03-30,Carpet,3.9848444
2024-07-15,Yoga Mat,1.9955132
2024-10-14,Laptop,1.9969345
2024-12-24,Basketball,2.9979022
2024-12-26,Pants,3.9718986
2025-01-29,Novel,1.9985965
2024-09-26,Running Shoes,0.9919226
2024-05-30,Basketball,4.9990387
2024-09-17,Laptop,3.9123259
2024-10-18,Carpet,5.000716
2025-02-19,Laptop,3.0980153
2025-01-26,Soccer Ball,2.0003016
2024-11-04,Yoga Mat,4.9995785
2024-04-03,Soccer Ball,2.0007977
2024-05-31,T-shirt,1.0014668
2024-11-08,Pen,3.6607037
2024-11-16,Tablet,1.9856895
2025-02-15,Carpet,4.99964
2024-10-26,Smartphone,4.998135
2025-03-12,Eraser,4.00538
2024-10-06,Tablet,4.011865
2024-12-30,Soccer Ball,3.0096538
2025-01-08,Soccer Ball,4.001609
2024-09-04,Running Shoes,2.994029
2024-12-12,Tablet,4.000884
2024-08-17,Pillow,2.0023863
2024-11-23,Tablet,1.9969044
2024-06-20,Pen,1.0044401
2024-07-15,Eraser,0.99766546
2024-09-13,Pen,2.002531
2024-06-29,Headphones,4.001245
2025-03-13,Pants,2.0016456
2024-11-20,Yoga Mat,1.0002475
2024-03-28,T-shirt,1.9963307
2024-04-08,Smartwatch,0.99982685
2025-02-20,Yoga Mat,4.0004854
2024-12-07,Notebook,4.9997244
2025-02-26,T-shirt,4.996275
2024-05-02,Tent,4.000866
2025-03-07,Tablet,0.99868906
2024-08-28,Tablet,5.001528
2024-11-06,Smartphone,4.99784
2025-01-12,Painting,0.9990127
2024-10-14,Eraser,4.9984083
2024-12-30,Pants,5.0004454
2024-12-07,Blanket,4.001496
2024-11-13,Painting,3.0008943
2024-11-12,Pants,1.9994746
2025-02-27,Novel,3.0021124
2024-04-26,Soccer Ball,3.0025322
2024-10-14,Smartphone,4.003099
2024-10-28,Tablet,3.9983
2024-05-04,Laptop,3.000756
2024-09-08,Tent,2.0111656
2024-04-09,Blanket,1.0016536
2024-08-03,Vase,3.999036
2024-05-15,Skirt,5.0017138
2024-10-25,Yoga Mat,2.0045083
2024-06-06,Tent,3.999969
2024-07-01,Story Book,1.0011894
2024-08-12,Notebook,3.0042348
2025-02-08,Smartwatch,3.9905555
2024-05-28,Blanket,2.00016
2024-06-02,Smartwatch,1.9996153
2024-08-04,Eraser,2.9854357
2025-01-14,Pants,3.999472
2024-05-16,Yoga Mat,3.999889
2024-09-23,Smartphone,0.99261546
2024-10-22,Notebook,0.9989979
2024-07-12,Story Book,2.9953356
2024-09-23,Painting,2.9691226
2025-01-17,Carpet,4.002854
2025-02-07,Notebook,2.0009358
2024-08-12,Pillow,4.003822
2025-01-29,Basketball,4.148826
2024-04-25,Smartwatch,1.0002179
2024-08-07,Tablet,3.0210466
2024-11-26,Eraser,3.7121778
2024-04-14,Vase,2.9989715
2025-02-07,Notebook,0.99888414
2024-07-18,Novel,0.998568
2024-04-19,Blanket,3.997269
2024-12-10,Carpet,3.009973
2025-03-13,Yoga Mat,4.0025597
2024-07-03,Running Shoes,0.9961572
2025-01-17,Pants,2.9965343
2024-04-01,Tent,5.000342
2024-05-14,Soccer Ball,1.9994233
2024-06-04,Eraser,2.9982202
2024-06-26,Running Shoes,4.994241
2024-03-26,Blanket,3.0586746
2024-03-20,Smartwatch,2.9947402
2024-07-10,Carpet,3.0047417
2024-08-13,Soccer Ball,4.000916
2024-05-03,T-shirt,1.0011576
2024-11-20,Vase,1.0053322
2025-03-05,Basketball,2.9846237
2024-03-28,Soccer Ball,1.0003768
2025-03-09,Smartwatch,4.9861984
2024-11-19,Running Shoes,4.9992976
2025-01-04,Vase,2.0042324
2024-11-18,Soccer Ball,4.0027914
2024-06-24,Smartphone,4.9987926
2024-09-12,T-shirt,3.0003705
2024-09-24,Skirt,4.0000696
2024-08-18,Headphones,1.0010316
2024-08-19,Shirt,3.998501
2024-07-20,Dress,3.000847
2024-10-25,Headphones,3.000664
2024-09-12,Story Book,5.0006795
2025-01-22,Shirt,2.0081701
2025-02-14,Story Book,2.0028877
2025-02-27,Smartphone,2.98314
2025-02-27,Smartwatch,2.0045867
2024-07-24,Headphones,3.0040963
2024-09-14,Yoga Mat,4.9995217
2024-09-16,Basketball,2.9978716
2025-01-11,Headphones,2.0010157
2025-01-26,Pen,2.0001647
2025-03-11,Basketball,1.0076617
2024-08-12,Laptop,4.002134
2024-06-06,Running Shoes,5.0008507
2024-10-23,Dress,2.0012648
2024-12-08,Dress,2.992863
2024-12-30,Smartwatch,3.304425
2024-06-11,Running Shoes,1.0009224
2024-08-15,Running Shoes,0.99870723
2024-05-21,Pillow,4.9997396
2024-10-21,Painting,1.9993733
2024-05-12,Notebook,4.9993877
2024-11-11,Smartphone,5.0028467
2024-05-27,Soccer Ball,5.002813
2024-08-18,Soccer Ball,2.990099
2024-08-24,Smartwatch,4.9989347
2024-10-07,Smartwatch,0.9994062
2024-11-10,Yoga Mat,2.9995227
2025-02-24,Smartwatch,0.99917907
2024-06-01,Tent,2.0024076
2024-06-06,Smartphone,1.97516
2024-09-02,Laptop,4.9996324
2024-04-26,Novel,3.995666
2024-08-24,Pillow,3.999265
2025-03-03,Eraser,2.9965644
2025-01-21,Tent,2.9989145
2024-06-10,Smartwatch,5.002065
2024-06-25,Headphones,1.997337
2024-07-03,Pen,0.99962765
2025-01-28,Carpet,4.989676
2024-12-03,Laptop,3.0018194
2025-02-04,T-shirt,2.9986784
2024-04-12,Blanket,3.999836
2024-09-04,Running Shoes,1.984827
2024-12-02,Notebook,5.0018144
2024-12-17,Pillow,3.008744
2025-01-31,Smartwatch,1.9980679
2025-03-02,Vase,1.0010091
2024-09-21,Eraser,4.9991736
2024-10-12,Pants,2.9977956
2024-07-29,Eraser,0.99828225
2024-10-26,Tablet,3.009235
2025-01-03,Tablet,3.9988296
2024-06-07,Novel,3.0062525
2024-07-11,Tent,3.9966514
2024-05-29,Tent,3.0065322
2024-07-17,Shirt,0.9996797
2024-08-22,Pillow,2.996641
2024-08-15,Headphones,0.9981343
2024-05-09,Tent,1.0002179
2024-07-03,Tablet,4.0054727
2024-12-23,Notebook,4.98615
2025-02-24,Smartphone,2.9991078
2024-07-01,Skirt,2.0126421
2024-07-25,Pen,2.9839568
2024-11-13,Pillow,1.9765141
2024-06-16,Smartphone,3.9994938
2025-03-01,T-shirt,0.99968857
2024-04-04,Soccer Ball,1.9995741
2024-07-16,Smartwatch,0.99819136
2024-08-23,Painting,1.0103761
2025-03-18,Dress,1.1118778
2024-03-27,Vase,4.0024033
2024-07-11,Pen,1.0075305
2025-02-21,Vase,3.0045388
2024-04-25,Running Shoes,4.9985323
2024-09-07,Dress,3.999012
2024-04-01,Dress,3.9994853
2024-06-26,Eraser,1.9916344
2024-08-25,Painting,4.771746
2024-05-13,Blanket,2.9957929
2024-09-09,Laptop,1.0011098
2024-11-18,Story Book,3.998835
2024-11-14,Yoga Mat,2.999984
2024-10-30,Soccer Ball,3.9980092
2024-04-30,Pen,2.0102355
2024-06-25,Smartphone,2.051524
2024-12-15,Shirt,1.0005616
2024-11-01,Notebook,1.9988297
2024-09-05,Laptop,4.005143
2025-01-18,Painting,1.9957637
2025-01-03,T-shirt,3.019631
2024-04-11,Basketball,0.99766624
2024-09-22,Smartphone,2.0127363
2024-07-24,Pillow,3.000323
2024-09-28,Tablet,2.9908795
2024-03-27,Painting,4.0086894
2024-07-03,Pants,2.9992049
2024-06-07,T-shirt,4.0011616
2024-10-07,Basketball,4.001391
2024-05-21,Skirt,3.9977667
2024-05-17,Notebook,4.0011616
2024-05-18,Blanket,5.002717
2024-08-25,Running Shoes,1.0165073
2024-09-08,Yoga Mat,0.9996483
2024-08-17,Carpet,4.999707
2025-01-13,Skirt,1.0008954
2025-02-07,T-shirt,3.99212
2024-05-15,Eraser,4.0005965
2024-06-24,Blanket,0.9973795
2024-12-13,Laptop,5.022325
2024-09-24,Soccer Ball,2.0010643
2024-11-11,Soccer Ball,3.9919817
2024-10-03,Painting,2.999433
2024-04-27,Pen,3.0019565
2024-05-14,Tablet,2.0036201
2024-12-05,T-shirt,3.0006244
2025-03-14,Running Shoes,2.004018
2024-05-04,Novel,2.9978669
2025-02-15,Headphones,4.0093665
2024-06-27,Painting,1.0061105
2024-06-29,Dress,3.7276003
2024-07-18,Laptop,4.9885836
2024-12-15,Headphones,3.99595
2024-09-20,Blanket,2.003887
2025-02-20,Eraser,2.0045388
2024-05-30,Notebook,4.9903774
2024-07-28,Story Book,2.9995382
2024-12-03,Pants,1.0013953
2024-05-27,Dress,1.9930885
2024-12-25,Blanket,5.007214
2024-07-02,Yoga Mat,2.0060413
2024-12-30,Story Book,1.0329895
2024-08-11,Pants,0.99261045
2025-02-04,Yoga Mat,1.0008227
2024-06-19,Headphones,4.002855
2024-06-20,Shirt,1.0664302
2024-06-29,Eraser,3.9996388
2025-01-07,Carpet,0.99438393
2025-01-07,Painting,4.0047483
2024-09-14,Yoga Mat,2.0036378
2024-10-28,T-shirt,2.1090562
2024-11-17,Soccer Ball,4.003765
2024-08-30,Notebook,1.001545
2024-12-22,Smartwatch,2.992172
2024-10-09,Pillow,4.9986715
2024-12-23,T-shirt,5.0005426
2024-05-03,Smartphone,4.998663
2024-08-21,Yoga Mat,4.997809
2024-08-27,Smartphone,5.0000687
2024-10-09,Blanket,1.999651
2024-05-29,Dress,1.9959521
2024-08-23,Eraser,1.9994769
2024-03-20,Pants,1.0010018
2024-10-21,Dress,4.0052333
2025-02-21,Blanket,1.004769
2024-03-31,Blanket,1.9980117
2024-04-22,Eraser,3.0037417
2024-07-01,Smartwatch,1.0059172
2025-02-21,Smartphone,3.000773
2024-05-10,Pants,4.9999847
2024-12-24,Vase,4.0019727
2024-07-28,Headphones,2.00047
2024-09-01,Tablet,1.0199637
2025-01-23,Eraser,2.001973
2025-01-22,T-shirt,3.999376
2024-05-11,Notebook,4.0009055
2025-01-17,Laptop,2.000301
2024-04-05,Smartwatch,3.005766
2024-05-30,Dress,3.9980252
2024-10-14,Running Shoes,0.9997824
2024-03-28,Yoga Mat,4.0028324
2024-06-29,Notebook,3.173487
2024-06-01,Pillow,4.9954867
2024-07-14,Painting,2.997574
2024-08-18,Skirt,4.990093
2024-12-11,Pillow,3.0007908
2024-11-11,Vase,4.000695
2024-11-24,Running Shoes,3.0060165
2024-05-04,Basketball,0.99925596
2024-07-06,Smartphone,4.558787
2025-02-02,Notebook,0.99278516
2024-06-24,Tablet,3.002078
2024-06-29,Basketball,2.001221
2024-04-30,Eraser,2.9949117
2025-03-05,Basketball,2.0050807
2024-06-15,Yoga Mat,3.0012796
2024-08-30,Painting,5.0189223
2025-01-17,Blanket,4.998067
2024-05-22,Painting,4.9894104
2024-05-26,Tent,1.0014378
2024-07-26,Smartphone,3.9927208
2025-01-14,Smartphone,1.9977773
2024-06-11,Basketball,3.9933152
2024-07-05,Notebook,0.99682045
2024-12-21,Yoga Mat,2.0044906
2025-03-08,Skirt,0.9995044
2024-06-01,Soccer Ball,4.9982424
2024-11-16,Novel,0.9999298
2024-12-04,Painting,1.0276773
2024-04-21,Story Book,1.000342
2025-02-04,Tent,4.9963126
2024-04-26,Notebook,1.0029428
2025-02-07,Eraser,1.002833
2024-05-29,Eraser,2.0004508
2024-12-19,Pants,3.9865124
2024-06-16,Soccer Ball,1.9995477
2024-11-08,Dress,3.222045
2024-06-10,Running Shoes,0.9981288
2024-09-09,Blanket,1.0010829
2024-09-15,Blanket,1.9933466
2025-01-16,Skirt,1.000053
2024-05-10,Carpet,1.0039139
2024-09-01,Skirt,4.0023074
2025-01-26,Vase,4.655576
2025-02-07,Headphones,4.998031
2024-10-22,Yoga Mat,2.9922795
2024-12-10,Novel,1.0009007
2025-01-12,Eraser,3.0049973
2024-08-31,Smartwatch,1.9943844
2024-06-07,Tablet,4.9978976
2024-03-22,Laptop,1.9937941
2024-05-14,Yoga Mat,2.0051854
2024-09-20,Headphones,4.004594
2024-05-21,Notebook,2.1563258
2024-10-15,Soccer Ball,2.999743
2025-01-26,Pants,2.890898
2024-07-14,Skirt,4.002073
2024-11-13,Eraser,4.9977007
2025-01-24,Tent,3.0332134
2024-08-15,Skirt,2.005861
2024-06-26,Running Shoes,3.0050845
2024-06-09,Laptop,2.9996612
2024-10-13,Story Book,1.9954548
2025-03-10,Tablet,2.2239141
2024-07-17,Yoga Mat,3.0032485
2024-05-21,Novel,5.001537
2024-08-27,Yoga Mat,4.0011706
2025-02-05,Dress,4.0049877
2024-04-11,Laptop,3.9981322
2024-05-31,Eraser,1.998369
2024-07-15,Pen,1.0122259
2024-09-12,Running Shoes,3.0010192
2024-08-31,Yoga Mat,4.002229
2024-03-26,Basketball,1.9974527
2024-04-01,Shirt,0.9960386
2024-04-21,Running Shoes,1.9968499
2025-03-14,Smartwatch,2.0014913
2025-01-31,Shirt,1.9980057
2024-04-19,Pen,0.99966806
2024-04-28,Notebook,4.998466
2024-06-05,Skirt,2.001804
2024-07-12,Eraser,1.9957808
2024-08-12,Pen,4.6879883
2024-09-22,Smartwatch,4.9948783
2024-05-26,Blanket,1.9964124
2025-01-03,Notebook,3.9994156
2025-01-25,Headphones,2.0000763
2024-12-22,Yoga Mat,0.9937562
2024-03-23,Basketball,2.9993553
2025-01-20,Running Shoes,5.0006523
2024-11-14,Vase,0.9985754
2025-01-29,T-shirt,3.0061698
2024-04-22,Basketball,1.000572
2025-01-03,Smartwatch,1.99824
2024-07-25,Laptop,2.99861
2024-09-10,Notebook,3.0128965
2024-09-27,Soccer Ball,4.9988365
2024-10-13,Basketball,1.9979196
2024-04-02,Basketball,4.002288
2024-06-11,Basketball,1.0023768
2024-07-04,T-shirt,4.997064
2024-07-24,Smartphone,4.002017
2024-10-11,Blanket,3.9970334
2024-12-26,Carpet,1.0025744
2024-03-20,Story Book,2.998788
2025-01-06,Novel,1.0004461
2024-03-20,Pen,1.9855131
2024-10-16,Laptop,4.6757836
2024-04-30,Pillow,2.9907439
2024-07-27,Soccer Ball,0.9973486
2024-04-23,Smartphone,0.9965947
2024-07-22,Smartphone,0.9996075
2024-04-19,Laptop,3.001882
2025-01-30,Tent,4.99821
2024-03-24,Pillow,3.000073
2025-03-06,Story Book,4.002533
2024-06-27,Notebook,3.0000217
2024-12-26,Shirt,3.0108523
2024-09-19,Headphones,2.0012686
2024-09-21,Vase,3.0462906
2024-04-08,Running Shoes,4.9992948
2024-06-16,Laptop,4.00083
2024-10-01,Smartwatch,3.998152
2024-12-03,Laptop,2.9936962
2025-02-09,Tent,4.9995227
2025-02-19,Basketball,2.000266
2024-08-25,Tablet,4.9957495
2025-03-16,Pen,4.303111
2024-12-19,Soccer Ball,5.002077
2024-06-22,Pants,2.00301
2024-05-04,Soccer Ball,2.001279
2024-04-17,Yoga Mat,4.999011
2024-10-08,Running Shoes,2.9972208
2024-12-17,Smartphone,1.7389753
2024-05-22,Eraser,2.0004761
2025-01-25,Painting,2.9971867
2025-02-17,Smartphone,3.9929104
2024-04-19,Vase,0.9995595
2025-02-08,Skirt,1.0022894
2024-08-12,Dress,4.0000935
2024-08-02,Smartphone,5.0002975
2024-11-17,Novel,2.0002153
2024-06-05,Blanket,0.9987687
2024-07-31,Yoga Mat,2.001141
2024-07-28,Vase,5.0019364
2024-11-14,T-shirt,4.005436
2024-05-30,Headphones,3.0010765
2024-06-25,Carpet,3.979505
2024-08-17,Soccer Ball,4.9977555
2024-09-30,Soccer Ball,4.9978514
2024-10-26,Painting,2.0145211
2024-12-23,Laptop,5.000248
2025-01-07,Skirt,1.00592
2024-04-30,Basketball,1.0006381
2024-06-21,Yoga Mat,3.0039883
2025-01-24,Vase,3.987441
2024-07-12,Story Book,4.0008154
2024-11-12,Tent,2.002433
2024-12-06,Pen,1.0005085
2024-12-19,Smartphone,2.0041945
2024-12-16,Tent,3.9936159
2024-08-12,Vase,2.9964333
2024-11-05,Eraser,1.0009955
2024-10-05,Novel,4.996818
2024-09-07,Painting,2.001351
2024-06-13,Tablet,3.008239
2025-01-11,Vase,0.8624432
2024-06-24,Soccer Ball,2.9988692
2024-10-02,Smartwatch,3.1542938
2024-05-09,Carpet,2.0040903
2024-07-08,Smartphone,5.000474
2024-04-23,Laptop,4.000384
2024-10-03,Carpet,2.9956799
2024-09-22,Pen,1.0008123
2024-05-27,Running Shoes,3.0007458
2024-11-26,Yoga Mat,1.9864655
2024-05-13,T-shirt,1.9893153
2024-04-07,T-shirt,4.999437
2024-05-30,Eraser,1.0008041
2024-03-22,Tent,5.001761
2024-08-17,Pants,0.9978588
2024-12-25,Eraser,1.0091386
2024-03-20,T-shirt,2.9843357
2024-12-03,Smartphone,3.9931378
2024-11-24,Skirt,2.0072198
2024-07-28,Notebook,5.000981
2024-05-13,Notebook,1.978117
2024-12-04,Basketball,3.9999106
2025-01-20,Painting,1.9107614
2024-04-22,Shirt,1.9001192
2024-08-04,Tablet,1.0018507
2025-02-15,Story Book,4.9986825
2024-05-03,Yoga Mat,2.0456808
2024-03-21,Dress,1.0004098
2024-09-08,Shirt,1.0012572
2024-04-17,Pillow,4.998662
2024-05-27,Tablet,2.9992037
2024-12-13,Notebook,0.99719745
2024-06-29,Basketball,3.0031145
2024-09-14,Pillow,2.0092921
2024-07-25,Soccer Ball,4.0008445
2024-04-26,Pants,3.001231
2025-01-06,Story Book,4.997601
2024-04-27,Pants,2.989319
2024-09-15,Skirt,0.99785525
2025-02-12,Shirt,1.9953624
2024-09-14,Vase,3.9973845
2024-11-21,Pillow,4.010408
2024-12-31,T-shirt,3.998957
2024-03-19,Vase,5.005723
2024-12-05,Pillow,1.0002334
2024-04-15,Smartphone,5.000342
2024-11-14,Novel,2.9996567
2024-07-12,Yoga Mat,1.9940548
2025-03-16,Headphones,3.0019665
2024-03-28,Skirt,4.0024524
2025-01-15,Yoga Mat,0.996613
2024-08-14,Novel,2.0009956
2024-10-18,Story Book,4.9916687
2025-01-13,Skirt,0.9996662
2024-03-29,Pen,4.001328
2024-08-16,Soccer Ball,1.0009454
2024-08-17,Vase,4.001791
2024-09-24,Running Shoes,4.999499
2024-11-24,Pillow,2.0003145
2024-09-08,Smartwatch,4.9966216
2024-06-05,Pants,0.99789715
2024-07-04,Dress,2.0052102
2024-11-08,Story Book,2.0018446
2024-07-26,Carpet,1.9966843
2024-10-02,Eraser,1.9987652
2025-01-16,Carpet,0.9896631
2024-05-09,Basketball,5.004058
2024-03-26,Soccer Ball,0.99633557
2024-12-18,Skirt,1.9939709
2024-03-19,Smartphone,4.9985037
2024-09-24,Carpet,2.005752
2025-03-18,Painting,3.9986765
2024-08-08,Blanket,2.0026689
2024-04-07,Vase,4.0005293
2024-12-14,Tablet,5.0017776
2024-03-23,Smartphone,0.99851984
2024-08-03,Smartphone,1.0001527
2024-09-20,Basketball,3.970674
2024-03-27,Yoga Mat,4.998463
2025-02-26,Shirt,1.7824088
2024-03-24,Pillow,0.9991275
2024-07-23,Yoga Mat,0.99997115
2024-10-13,Pillow,1.0003529
2024-04-21,Pillow,1.0013814
2024-10-28,Tablet,4.7218766
2025-01-24,Blanket,3.9977214
2025-03-04,Novel,3.9880393
2024-05-25,Soccer Ball,2.9951007
2024-09-12,Yoga Mat,4.9960995
2024-03-26,Laptop,3.9999335
2025-01-28,Eraser,3.9997916
2024-05-17,Tent,1.0004607
2024-09-14,Shirt,1.0947412
2024-07-21,Running Shoes,5.000933
2024-05-24,Headphones,1.0019215
2024-09-26,Eraser,4.992936
2024-04-07,Carpet,1.0015475
2024-05-20,Shirt,1.000926
2024-09-29,Painting,4.003951
2024-09-07,Notebook,3.992384
2024-11-07,Tablet,5.0004525
2024-04-21,Running Shoes,1.9949117
2024-06-17,Skirt,2.1546516
2024-03-30,Pillow,5.0019
2024-06-14,Novel,5.000594
2024-09-25,Basketball,0.99970293
2024-11-03,Story Book,3.990317
2024-12-10,Pillow,3.99441
2025-02-25,Tablet,1.9948218
2024-07-11,Smartphone,0.99891263
2024-08-17,Soccer Ball,1.9946443
2024-07-14,Pants,3.0005379
2024-10-21,Notebook,3.0038717
2024-11-13,Smartphone,4.0025287
2024-10-27,Smartphone,2.9955173
2025-02-25,Carpet,3.999286
2024-12-02,Pants,1.0016114
2024-12-18,Smartphone,4.003602
2024-12-26,Pants,4.9966006
2024-03-26,Pen,1.0044395
2024-05-02,Running Shoes,5.0032196
2024-07-14,T-shirt,1.0004324
2024-11-02,Painting,4.0035377
2024-11-01,Laptop,5.0008593
2024-04-21,T-shirt,1.9988557
2025-01-05,Tent,0.997358
2025-02-07,Tablet,3.005516
2024-09-20,T-shirt,1.9993591
2024-04-08,Novel,4.0017734
2025-01-03,Painting,3.9979696
2025-02-11,Laptop,1.0093981
2025-02-20,Carpet,3.983262
2024-09-18,Carpet,2.0015416
2024-07-06,Headphones,1.0028346
2024-11-01,Smartphone,2.0007436
2024-12-24,Smartphone,1.9932913
2025-02-07,Pen,1.9985125
2024-07-28,T-shirt,4.9995027
2025-01-16,Shirt,1.0037625
2024-08-02,Tablet,4.0007396
2024-10-30,Yoga Mat,3.9963152
2024-04-09,Pen,1.0022442
2024-09-11,Soccer Ball,3.8124971
2024-04-16,Novel,4.99739
2024-05-23,Pen,2.001257
2024-09-24,Tablet,2.0051446
2024-04-19,Painting,3.9979062
2024-11-05,Basketball,2.9041126
2025-02-12,Novel,4.1548896
2024-09-22,Pillow,4.0085645
2024-04-05,Skirt,0.9980102
2024-06-28,Smartwatch,3.9886758
2024-11-19,Tablet,1.9995056
2024-06-16,Painting,3.001789
2024-12-16,Laptop,4.0008874
2024-07-02,Laptop,2.9911673
2024-07-05,Smartphone,4.9977207
2024-05-25,Tablet,4.0024285
2024-03-28,Story Book,3.9997616
2024-09-15,Carpet,1.7243801
2024-10-22,Painting,3.0225718
2025-03-05,Laptop,3.9979768
2024-07-23,Pillow,1.9985187
2025-01-28,Yoga Mat,3.9976609
2024-05-04,Notebook,2.999874
2024-05-30,Pants,5.0023546
2024-10-12,Eraser,2.9958982
2025-02-05,Blanket,4.006904
2025-03-11,Blanket,1.011288
2024-12-27,Shirt,1.0014176
2024-09-17,Smartwatch,4.997466
2024-10-29,Carpet,1.0050839
2024-08-02,Tablet,2.9984946
2024-11-27,Dress,4.102892
2024-04-26,Pillow,0.9962107
2024-05-27,Headphones,2.996919
2024-08-10,Headphones,4.0044084
2024-12-18,Tablet,4.9480753
2024-09-25,Carpet,4.0003166
2024-12-23,Soccer Ball,3.0022712
2025-03-09,Skirt,4.9942183
2024-08-24,Story Book,2.9955492
2024-11-22,Headphones,4.982624
2024-12-02,Blanket,2.999347
2024-08-23,Laptop,0.9974825
2024-06-14,Vase,1.0018209
2024-07-23,Painting,1.8053322
2024-11-26,Pants,1.0025082
2025-01-30,Blanket,1.9981799
2024-05-08,Carpet,2.0132887
2024-04-20,Laptop,1.0013305
2024-07-30,Notebook,3.9981513
2025-02-11,Dress,2.98923
2024-04-09,Soccer Ball,4.02406
2024-12-24,Blanket,2.9939418
2025-01-06,Pillow,3.0143187
2024-11-09,Headphones,2.9927127
2024-07-09,Soccer Ball,1.9985187
2024-09-27,Smartphone,4.9975696
2024-04-26,Notebook,4.9982367
